5274.31,7100.15,42838.66,4352.9,19453.15,10329.62,10065.4,14022.68,47396.08,10166.87
1115.84,12496.05,12496.05,2784.82,37541.45,12496.05,49892.23,12496.05,36237.31,12496.05
49628.39,2883.23,13377.63,34714.03,3212.01,13377.63,13377.63,13377.63,45758.69,13016.95
46872.41,2336.86,44937.71,46619.82,42578.86,37312.34,42307.29,47350.3,6864.52,44464.52
42658.01,23822.03,36616.63,1811.07,42658.01,6607.99,243.65,42658.01,42658.01,14099.67
33722.15,26183.64,21052.17,5567.87,49190.89,18785.74,22630.42,41369.3,24812.52,17265.82
22480.31,47281.42,4995.33,32291.52,24721.88,46046.57,10652.77,28966.83,17019.06,4642.61
34200.12,41944.66,7627.55,8372.04,26751.45,24141.93,17992.29,20103.31,7309.1,8332.51
21289.1,24933.61,24933.61,26251.89,46380.87,24933.61,24315.01,24933.61,38595.57,24933.61
15188.33,34604.2,34604.2,319.35,34604.2,34604.2,34604.2,7937.99,7032.98,6737.81
45405.28,16949.76,26332.56,30260.01,20135.83,29754.25,5478.34,27921.56,23420.35,33850.54
33068.28,23064.7,1050.32,9453.37,30670.53,19600.34,16407.59,21397.6,10028.58,44360.67
43131.5,10196.25,12153.57,33365.99,10196.25,28922.13,19595.5,10196.25,10196.25,10196.25
45307.27,41965.42,45307.27,22858.84,45307.27,48650.56,45307.27,40841.72,14439.3,45307.27
15859.48,31009.49,49551.53,7815.07,14483.05,26252.19,15586.62,4490.69,41361.25,24522.6
8388.05,8834.7,32432.77,13959.32,42379.41,47842.5,1273.05,4097.3,49660.76,49830.62
11271.78,35721.65,9337.08,11019.18,6978.23,36239.23,45982.49,11749.67,27106.94,21624.97
3577.01,3860.06,2194.62,37989.54,21060.39,35750.44,23914.88,48809.47,1437.5,45962.59
39178.94,18028.6,21608.35,17070.19,39178.94,31423.33,34668.35,39178.94,39178.94,35540.91
46132.11,22387.42,44197.41,45879.51,41838.56,48069.99,14974.24,46610.0,49555.05,40519.04
9870.65,34595.89,38145.33,20363.42,2375.83,20363.42,20363.42,47431.35,44466.25,20363.42
18007.3,18139.12,19114.77,14852.85,11327.15,20414.47,39957.18,22128.97,24851.95,25715.53
40267.25,18994.04,21071.9,21596.84,45984.97,37318.13,17538.37,47262.34,34624.32,22361.35
40725.58,38898.07,8097.94,44786.52,24327.87,33459.17,41260.13,40403.47,27358.99,21345.85
45885.78,31199.85,22403.82,288.22,288.22,31155.9,288.22,42869.87,288.22,27376.21
24281.39,13533.62,13830.69,22692.51,17574.84,40402.45,17973.96,6149.12,5894.36,20181.88
21671.74,1623.01,2076.32,12610.76,25276.75,5498.01,5616.7,3665.32,711.36,9594.3
42416.43,42416.43,46769.21,42416.43,19811.69,23982.54,42416.43,19928.06,33611.95,48476.59
45261.61,18305.55,41203.41,40368.36,22575.75,46169.45,40754.1,32359.22,2474.75,17370.51
8388.05,43569.56,32432.77,31651.28,12713.06,42214.32,13267.82,4097.3,49660.76,49830.62
30916.08,10196.25,162.75,20153.63,10196.25,18349.21,45445.33,10196.25,10196.25,10196.25
30188.67,33469.61,43129.28,28482.15,15907.36,7534.12,49112.03,48286.54,27717.88,33531.51
27168.37,27168.37,27168.37,20684.52,27168.37,40842.8,31633.88,30897.25,27168.37,7046.89
39178.94,22112.5,24307.24,10152.87,39178.94,15199.99,31301.4,39178.94,39178.94,16602.52
5317.93,22116.85,1823.53,4771.03,4997.44,1731.68,28187.4,14970.26,1491.57,2841.59
47143.64,2177.58,43649.23,46596.74,9768.42,24532.84,6124.91,36308.36,43317.27,44667.29
1002.95,33445.34,9970.87,23188.65,8975.93,8123.52,36220.88,33186.75,6077.34,11174.2
12336.25,7530.75,39010.77,27759.92,28254.79,864.34,31818.43,24286.7,20653.02,25780.9
45015.34,29989.73,46854.37,21875.23,21817.81,29989.73,29989.73,29989.73,29989.73,14123.24
23275.31,49095.87,17550.68,8147.22,11132.57,14100.36,35827.96,1075.82,10765.78,25230.61
12336.25,7298.25,34869.13,37437.95,32964.33,864.34,23481.18,24286.7,20653.02,25780.9
47291.88,1147.65,45550.56,46557.03,44280.14,7317.37,45753.77,13612.73,24568.26,49407.29
49965.66,15322.38,20225.43,20969.92,11705.3,7042.38,49270.37,39099.75,19906.97,20930.39
7713.58,211.12,40629.08,4624.36,10330.82,40629.08,40629.08,40629.08,35209.81,42320.98
16662.39,8516.24,12024.55,26704.47,40088.78,31350.8,32580.15,26232.11,16568.19,5832.94
40131.64,42820.62,25802.43,28316.53,48217.63,25445.72,12732.43,46666.05,41709.64,31736.34
26147.06,22805.59,24125.5,19728.83,43813.48,31759.7,41858.29,19764.52,5871.6,22854.41
44405.47,8232.12,10309.99,10834.93,10810.3,41378.96,6776.45,5076.19,34666.01,11599.43
45838.6,22038.24,18660.37,33825.03,30444.8,22038.24,22038.24,22038.24,45534.47,22038.24
31504.29,41247.88,31504.29,22144.25,31504.29,17265.9,31504.29,12468.93,1917.31,31504.29
20529.13,20382.8,20529.13,48111.34,20529.13,20529.13,38839.51,18517.83,17468.97,20529.13
41262.7,23181.72,2110.22,41262.7,32305.16,41262.7,40284.55,41262.7,15602.89,41262.7
10191.26,7016.64,7016.64,7016.64,31481.3,7016.64,36504.67,48202.86,40545.26,7016.64
14383.48,41949.27,18925.27,43927.86,29582.27,35536.09,4189.34,35275.77,704.38,44034.4
8286.89,1569.7,4409.16,37989.54,21060.39,40179.97,23914.88,20638.48,21187.57,45962.59
36066.87,2220.86,36066.87,36066.87,40267.58,36066.87,43971.7,32440.99,3346.53,30570.38
43131.5,21127.08,12153.57,5125.82,44159.9,28922.13,19595.5,48492.37,290.92,18722.18
37193.45,47281.42,4995.33,32291.52,34716.12,36540.9,10652.77,5417.13,17019.06,28497.04
12336.25,16561.64,40298.51,22894.58,18820.91,864.34,46683.02,24286.7,20653.02,25780.9
8388.05,19923.21,32432.77,9763.28,32731.63,48183.78,40788.52,4097.3,49660.76,49830.62
48109.61,31117.97,30665.77,28370.72,36401.29,34347.44,34083.22,38040.5,49068.65,22032.19
21881.99,13364.14,21052.17,5567.87,49190.89,18785.74,21834.71,41369.3,23823.27,10991.79
27168.37,27168.37,27168.37,17384.53,27168.37,1922.4,38793.45,33099.1,27168.37,6688.62
47148.82,5900.91,47148.82,15022.32,47148.82,19052.81,47148.82,26667.5,18087.84,47148.82
39178.94,20798.18,48094.78,13935.09,39178.94,47888.31,30677.55,39178.94,39178.94,12502.06
48159.05,12125.24,48159.05,44397.6,48159.05,48159.05,26091.18,36881.1,28220.53,48159.05
26939.09,22649.47,20474.4,38942.87,37084.0,23896.09,40544.01,22063.41,20380.92,27992.38
17309.68,35652.83,23416.77,31594.56,48472.21,31594.56,31594.56,41587.95,22631.69,31594.56
1955.02,47336.01,4053.21,5649.06,1955.02,26791.24,25944.46,1955.02,1955.02,7706.78
23192.96,14385.5,47486.83,15626.55,11760.48,18711.74,41116.54,10266.84,20753.02,14437.53
29717.1,24111.15,1050.32,41464.4,30670.53,19600.34,48082.62,21397.6,36410.19,44360.67
2433.65,16746.23,47769.65,48514.14,28742.9,24736.32,35569.75,23148.38,47451.19,48474.61
3999.92,4277.25,2258.6,3265.07,988.18,9975.99,39450.04,44945.27,38461.75,6115.33
18576.39,13409.51,13409.51,5562.93,12548.22,13409.51,26175.53,13409.51,40769.13,13409.51
22603.65,12473.09,13448.75,34796.0,6338.38,15315.08,17429.36,16462.95,19185.92,20049.5
36066.87,6555.41,36066.87,36066.87,37115.65,36066.87,39935.34,29816.65,8004.97,37423.25
14769.73,32316.85,23557.3,14300.89,14769.73,26229.73,49477.71,14769.73,14769.73,17421.65
44504.19,44504.19,39624.84,44504.19,42422.19,13760.14,44504.19,3680.82,20000.37,25833.19
6275.53,23344.53,1050.32,18554.13,30670.53,19600.34,9961.23,21397.6,28658.88,44360.67
8649.41,42430.5,22687.92,3190.55,33058.7,11634.55,34956.58,36575.95,24089.98,33533.66
2296.62,4529.42,31749.75,32494.23,17176.24,2296.62,2296.62,2296.62,31431.29,32454.71
14064.12,32652.33,32605.91,37989.54,21060.39,1701.03,23914.88,29938.2,11977.52,45962.59
2192.37,27065.58,23985.92,7380.21,12699.38,14968.71,26915.07,12903.66,2325.73,29633.14
14881.61,15164.66,13499.22,40368.36,37642.36,46169.45,40754.1,32359.22,12742.1,1623.92
25324.32,25211.05,39598.82,39598.82,39598.82,16332.48,42855.88,39598.82,719.68,39598.82
11529.6,34817.2,24474.33,40241.7,46591.55,41508.66,14731.23,6602.13,3202.3,13191.39
12336.25,43063.37,16617.37,47029.69,46840.26,864.34,17454.5,24286.7,20653.02,25780.9
49385.07,3880.43,8769.8,14684.31,38554.31,35609.96,24734.0,46279.52,42341.91,19595.5
20934.07,5240.95,5240.95,27325.42,5240.95,5240.95,5240.95,28465.88,49318.44,42787.13
10974.48,17489.8,34488.35,2455.33,35602.0,17489.8,17489.8,17489.8,17489.8,954.23
36321.88,47281.42,4995.33,32291.52,18261.03,5012.87,10652.77,14402.66,17019.06,29709.85
33001.1,15943.71,43611.13,3190.55,33058.7,11634.55,3727.76,12520.65,24089.98,35489.48
9685.38,30741.69,33642.08,9227.74,3639.88,30741.69,30741.69,30741.69,16421.37,30741.69
8186.07,47314.95,39598.82,39598.82,39598.82,48254.8,47700.84,39598.82,44249.06,39598.82
12189.93,32755.71,38659.91,44917.7,29879.58,35695.13,1593.74,39490.06,31286.96,3564.81
45967.55,41865.82,21052.17,5567.87,49190.89,18785.74,49808.84,41369.3,49238.59,48858.89
41687.31,45205.59,47283.46,47808.4,46506.6,46975.32,43749.93,8718.6,43544.41,48572.9
21202.93,47464.19,24533.93,7060.51,38447.24,22990.7,49768.0,24353.54,44081.38,13027.88
12032.67,5941.46,4821.78,12217.45,11271.7,17082.53,23753.38,39938.53,25573.38,33633.11
44786.6,49434.81,845.28,5841.19,44786.6,11373.97,7201.05,44786.6,44786.6,5780.2
36866.91,46148.59,21834.32,4185.33,4185.33,31410.07,4185.33,42640.11,4185.33,27379.64
22449.8,7009.33,37091.41,16915.14,24525.21,20000.33,23941.75,30853.17,22041.61,15726.12
40725.58,32090.94,8097.94,26583.85,40263.4,33459.17,5593.78,18168.4,27358.99,21345.85
21202.93,47464.19,13393.84,7060.51,38447.24,44494.83,49768.0,31667.73,4703.79,41555.37
30956.04,29475.4,29214.72,30221.19,27944.29,3523.37,18482.42,10431.5,38895.57,33071.44
14383.48,41949.27,18925.27,18010.33,38195.62,35536.09,7202.87,40114.96,704.38,9339.64
24884.89,47171.28,14242.91,23675.03,11939.74,42475.31,12938.13,2076.01,49640.5,135.88
40122.14,18973.65,17692.29,40122.14,13643.49,40122.14,37166.43,40122.14,18654.21,40122.14
21202.93,47464.19,35039.09,7060.51,38447.24,21975.33,49768.0,42126.16,38408.89,20206.11
41331.4,15376.21,1050.32,45645.16,30670.53,19600.34,21982.43,21397.6,11244.55,44360.67
27168.1,15598.34,47454.13,715.54,13589.77,27168.1,27168.1,27168.1,6976.76,18359.67
42384.81,42136.56,41080.07,17789.4,17789.4,17789.4,38101.57,17789.4,16676.86,8926.36
48612.1,47281.42,4995.33,32291.52,32595.39,7865.05,10652.77,12408.06,17019.06,38573.5
38567.29,16091.05,35072.89,38020.39,49935.76,4079.92,49522.37,44080.54,34740.92,36090.94
48510.39,22558.04,8781.71,9071.66,9071.66,17959.89,9071.66,33371.54,9071.66,7859.44
27608.32,24308.37,41378.65,27113.1,41387.03,18031.61,25251.85,401.23,36550.39,8143.23
47877.05,5094.75,13244.62,2347.49,17511.4,8324.22,8060.0,12017.28,19739.88,47647.6
39332.73,43149.39,18256.61,39332.73,8643.8,39332.73,19986.16,39332.73,47961.44,39332.73
25269.34,48276.18,47263.43,3349.82,3349.82,9607.81,3349.82,1097.84,3349.82,25304.39
9943.21,24431.3,25406.95,30233.83,13637.53,31893.88,13518.94,28421.15,31144.13,32007.71
27168.37,27168.37,27168.37,11521.82,27168.37,11521.82,11521.82,45836.04,27168.37,11521.82
40961.5,41456.54,40961.5,29194.01,40961.5,47278.45,40961.5,13532.83,16593.11,40961.5
47372.4,42914.61,30193.44,17115.64,9861.11,33615.13,247.89,31782.45,37908.84,37711.43
450.17,28543.44,450.17,42148.74,450.17,450.17,26444.88,8729.29,8145.44,450.17
39569.41,46630.46,16954.49,48764.11,42942.1,7813.68,44237.77,29850.31,42853.75,42500.55
46439.41,43139.46,46829.35,45944.19,40886.91,23935.9,44082.94,23430.82,7540.7,21716.87
17655.38,42919.55,23776.2,22813.98,24399.43,816.64,35776.49,6348.1,31285.47,24069.59
1683.62,3673.56,3592.29,20859.45,20859.45,26.3,20859.45,37977.18,20859.45,21309.72
23219.66,36966.81,14153.52,24734.14,42527.41,25236.73,19802.44,32882.28,22756.66,11798.26
5909.85,5909.85,33641.74,5909.85,20332.51,40394.5,5909.85,599.59,43824.01,40478.3
16662.39,3227.72,12024.55,2992.6,12140.11,14702.19,32580.15,26232.11,16568.19,43397.75
13789.06,10196.25,35646.09,49400.38,10196.25,8525.95,33383.39,10196.25,10196.25,10196.25
24747.23,3165.15,30013.44,32560.37,16289.35,3165.15,3165.15,3165.15,3165.15,26238.6
31493.5,35590.68,21579.56,25106.47,45053.75,21579.56,21579.56,21579.56,46276.44,21852.91
41330.83,10194.89,42144.72,20152.51,27645.69,40842.8,31633.88,30897.25,45302.31,7046.89
21008.96,3349.25,4324.9,15649.05,17552.68,23088.05,3926.82,7339.1,10062.08,10925.66
9126.7,9409.75,7744.32,4926.18,4926.18,4926.18,26289.42,4926.18,6987.2,8120.45
14383.48,41949.27,18925.27,45261.25,34142.85,35536.09,38989.49,16967.14,704.38,42432.43
249.54,18225.7,39598.82,39598.82,39598.82,11697.61,8549.91,39598.82,18864.05,39598.82
22670.41,5039.93,7117.79,7642.73,2361.19,43305.0,3584.26,20723.51,32569.23,8407.24
49534.11,31015.52,44110.83,44537.26,41269.39,44819.55,43551.79,46289.8,47081.43,24765.15
16662.39,25038.98,12024.55,41141.04,14491.56,17657.38,32580.15,26232.11,16568.19,41254.54
37040.67,17481.21,44322.89,14733.95,38055.32,20710.68,20446.46,24403.74,2665.4,636.86
39178.94,977.12,46484.97,27766.41,39178.94,47945.55,4213.72,39178.94,39178.94,15683.8
17571.63,33666.29,36337.25,17571.63,13768.42,17571.63,11176.51,17571.63,28440.64,17571.63
49312.11,10604.24,11579.9,47283.9,36121.64,14587.23,20606.94,14594.1,17317.07,18180.65
26522.74,23039.68,42121.45,10500.01,10500.01,10738.11,10500.01,41470.76,10500.01,32971.04
43979.55,32374.91,36656.22,34508.57,28686.56,43691.57,29982.23,11923.99,31915.37,28245.01
12336.25,36476.19,6838.9,1227.7,1609.43,864.34,9830.15,24286.7,20653.02,25780.9
6866.08,34834.83,34964.98,26704.68,22739.26,44552.14,24519.43,26481.14,26877.59,11008.28
49084.3,1594.65,21052.17,5567.87,49190.89,18785.74,1707.37,41369.3,41716.44,32251.95
42630.57,77.04,15842.1,1240.03,16641.18,4325.22,162.43,32689.49,6366.5,51.01
37786.93,10196.25,4445.42,38233.76,10196.25,12654.58,16589.24,10196.25,10196.25,10196.25
24759.41,36966.45,21265.01,24212.51,40535.47,7716.05,33776.21,39786.69,20933.04,22283.07
45902.65,3390.18,48303.78,37257.67,23146.92,34984.15,19014.99,48921.81,30564.05,45329.82
1641.61,35348.54,35348.54,39736.0,35348.54,35348.54,35348.54,4194.23,35531.44,19879.26
49578.38,11867.94,40497.82,28078.39,28078.39,13993.82,28078.39,25578.49,28078.39,10708.63
32077.56,28777.61,19886.73,31582.33,22192.74,6129.46,29721.08,6694.24,18043.96,4967.38
47309.85,47309.85,7050.55,47309.85,17435.55,4696.96,47309.85,12604.18,7584.29,16172.2
34400.69,19876.83,19876.83,19876.83,31516.36,19876.83,46629.98,27143.13,13748.22,19876.83
5286.76,5914.23,1191.63,1936.12,87.51,26738.15,31815.8,42698.13,873.18,1896.59
43903.52,45852.62,18651.88,14460.31,7694.75,43903.52,43903.52,43903.52,44052.79,39922.46
1412.52,16632.13,1050.32,32689.86,30670.53,19600.34,41699.37,21397.6,9218.85,44360.67
27902.15,40462.85,39598.82,39598.82,39598.82,12336.93,123.44,39598.82,42271.2,39598.82
33427.15,31708.66,29719.89,38709.97,24122.04,33427.15,33427.15,33427.15,10281.45,47461.78
37339.39,33000.27,7835.28,12738.27,22125.41,33000.27,33000.27,33000.27,33000.27,13490.51
43131.5,9283.56,12153.57,15176.47,3984.68,28922.13,19595.5,42796.18,10363.79,693.17
49894.64,24739.57,39598.82,39598.82,39598.82,44282.25,7545.48,39598.82,40660.82,39598.82
48525.37,48525.37,34442.33,48525.37,45748.01,7948.21,48525.37,39729.9,15792.63,43365.83
21434.13,46490.13,19499.43,21181.54,17140.58,3733.46,26202.1,21912.02,38590.66,14959.46
40444.12,39121.77,45153.48,39583.63,5411.45,2095.77,45605.33,11006.66,46989.3,6406.59
18688.8,37561.25,9697.34,5648.03,21312.44,18688.8,18688.8,18688.8,21222.84,45613.16
22642.43,43035.13,19148.03,22095.53,8816.34,46061.03,14517.2,4078.09,18816.06,20166.09
9298.74,26501.19,26501.19,30930.49,26501.19,26501.19,26501.19,11519.49,48371.98,23711.8
46728.72,9517.07,44791.25,14492.78,26361.91,9517.07,9517.07,9517.07,26301.89,9517.07
8388.05,42378.61,32432.77,46633.71,29878.47,11900.81,3004.92,4097.3,49660.76,49830.62
28124.92,14831.27,39598.82,39598.82,39598.82,26373.59,30411.08,39598.82,18548.65,39598.82
45210.26,13701.39,45210.26,14187.54,45210.26,8552.33,45210.26,37101.78,43398.28,45210.26
27016.1,15283.38,641.46,27016.1,7444.22,27016.1,25254.39,27016.1,38026.68,27016.1
11240.56,21400.53,21400.53,43727.15,25507.65,21400.53,9142.5,21400.53,33739.21,21400.53
25523.03,20844.27,4887.15,8894.75,7567.36,20844.27,20844.27,20844.27,46488.71,20844.27
36120.73,47281.42,4995.33,32291.52,17926.18,26494.48,10652.77,10775.16,17019.06,45425.1
13587.2,41767.81,1050.32,26925.79,30670.53,19600.34,37182.21,21397.6,42477.65,44360.67
46606.49,22432.92,44671.79,46353.89,42312.93,38115.52,30714.49,47084.37,45054.82,46166.02
34686.3,906.48,906.48,906.48,9724.8,906.48,1041.65,10481.8,37072.92,906.48
34622.27,29120.57,48388.49,27569.8,40171.44,45286.44,10235.87,31830.82,3390.69,47508.91
10676.72,25589.41,35612.54,10558.24,30407.03,25589.41,25589.41,25589.41,43671.25,25589.41
12110.95,12110.95,1050.32,12110.95,30670.53,19600.34,12110.95,21397.6,3510.57,44360.67
45902.77,44838.32,35456.79,18001.47,13984.32,28063.34,16725.91,19171.98,28422.58,30898.77
27085.4,47243.72,17165.03,3190.55,33058.7,11634.55,28409.29,950.07,24089.98,24513.35
43661.72,47052.89,41714.04,3190.55,33058.7,11634.55,4714.81,40226.92,24089.98,33745.74
32659.22,36878.78,40504.32,40368.36,2134.64,46169.45,40754.1,32359.22,37520.57,12719.54
20978.08,39830.7,30262.49,5252.21,18604.06,24573.7,15509.03,22971.04,29672.43,39301.98
16662.39,37875.8,12024.55,35396.01,29542.59,12442.2,32580.15,26232.11,16568.19,15125.93
4117.89,35986.16,41963.68,46205.51,42985.34,35986.16,35986.16,35986.16,35986.16,16040.88
16434.75,8908.39,11011.47,3898.86,49732.13,11720.19,10452.43,29828.61,13982.08,8361.29
43131.5,23964.18,12153.57,47402.48,2302.45,28922.13,19595.5,38706.57,35149.57,24349.93
21202.93,47464.19,3428.12,7060.51,38447.24,46589.01,49768.0,10456.21,24381.62,4570.85
8388.05,17349.66,32432.77,38067.31,25762.72,40786.5,153.12,4097.3,49660.76,49830.62
6709.1,41361.59,4967.78,5974.24,3697.35,37962.26,7612.56,40995.24,24924.18,8824.5
14383.48,41949.27,18925.27,38354.25,37233.73,35536.09,41178.4,39971.75,704.38,40683.36
11358.44,36691.77,33848.59,34593.07,25458.73,13064.0,24166.47,42007.95,33530.13,34553.54
38248.8,28631.93,2325.13,37989.54,21060.39,19710.34,23914.88,32152.5,22356.92,45962.59
43810.62,42699.53,38387.34,38778.53,47464.51,39096.06,37828.3,46093.52,41357.94,29050.61
21202.93,47464.19,23173.86,7060.51,38447.24,39346.32,49768.0,18919.66,7305.97,7718.47
43680.08,43963.13,42297.69,40187.73,40187.73,40187.73,1030.0,40187.73,41540.57,47860.54
21202.93,47464.19,30850.31,7060.51,38447.24,23489.43,49768.0,41884.92,11834.99,8379.67
47063.84,27283.72,1092.78,3190.55,33058.7,11634.55,43503.66,12017.46,24089.98,24410.98
26228.2,43236.88,12898.48,41504.22,22091.54,24794.95,35894.69,37018.92,6685.17,44182.48
8946.39,3487.45,17760.08,22615.77,22615.77,22615.77,37332.06,22615.77,46680.65,43100.31
36066.87,17079.09,36066.87,36066.87,28624.66,36066.87,41282.02,26196.48,28953.55,26915.69
9888.59,6588.64,39221.35,9393.37,16316.65,9904.0,7532.12,39293.99,37996.32,9787.28
5281.8,47764.56,40165.76,38064.84,42949.25,35895.31,25111.49,32518.99,27938.45,13075.69
4490.14,4490.14,9625.18,4490.14,2294.86,6425.27,4490.14,17492.23,40588.54,26026.75
29776.86,45646.64,29731.92,1834.02,42731.28,29776.86,29776.86,29776.86,4660.31,39160.44
3661.27,32231.21,29913.32,30657.8,26802.12,22653.3,32410.4,46445.87,29594.86,30618.27
12753.79,23266.55,25344.41,25869.35,40048.11,13544.24,21810.88,44298.23,37120.57,26633.86
14955.5,26073.86,11446.51,28207.51,22385.51,17972.78,23681.17,49475.4,13623.66,21943.95
43131.5,31594.87,12153.57,12608.22,36910.57,28922.13,19595.5,5859.23,39955.7,35613.33
36017.97,8194.9,32523.56,35471.07,38208.09,45584.32,5458.57,31886.09,32191.6,33541.62
24281.39,13533.62,13830.69,22692.51,34654.55,47105.94,46392.92,2041.61,1963.42,34293.81
4054.51,46806.14,707.35,4054.51,26544.85,4054.51,13160.49,4054.51,29917.17,4054.51
46783.74,41015.81,41991.46,17511.02,8138.97,47991.02,33131.51,45005.66,47728.64,48592.22
9220.14,47054.23,661.88,1406.36,32975.35,5261.0,8459.88,3709.65,343.42,1366.84
12336.25,48676.81,25707.05,2194.47,37926.69,864.34,41062.25,24286.7,20653.02,25780.9
43647.09,20561.63,38223.81,44563.19,35020.41,38932.54,37664.77,34207.64,41194.42,35374.24
40725.58,17575.61,8097.94,19356.28,46124.67,33459.17,27067.0,38634.68,27358.99,21345.85
40725.58,27742.29,8097.94,9652.79,34864.88,33459.17,10779.03,167.08,27358.99,21345.85
28902.77,46067.86,49246.35,48201.51,42379.5,8385.8,43675.17,46685.86,42087.94,41937.95
45725.89,45588.92,33677.24,37989.54,21060.39,46189.35,23914.88,42778.08,24741.53,45962.59
22829.7,41148.06,24986.28,17264.53,17647.17,31959.35,47435.66,13264.57,2399.93,21581.58
14555.52,14306.36,424.5,13111.1,836.8,13111.1,13111.1,27374.54,10431.1,13111.1
27168.37,27168.37,27168.37,11828.77,27168.37,40842.8,31633.88,30897.25,27168.37,7046.89
21202.93,47464.19,25864.01,7060.51,38447.24,36386.27,49768.0,39091.9,23358.48,12509.18
48820.93,35441.09,42736.51,3190.55,33058.7,11634.55,32267.34,9939.04,24089.98,17848.37
37732.93,38015.98,36350.54,40368.36,47911.8,46169.45,40754.1,32359.22,35593.42,10934.93
31193.54,21883.78,39598.82,39598.82,39598.82,2249.93,33114.43,39598.82,20617.48,39598.82
22671.41,28531.32,21052.17,5567.87,49190.89,18785.74,29284.21,41369.3,9598.36,17396.8
40725.58,25549.59,8097.94,18743.64,5171.02,33459.17,17411.89,10702.08,27358.99,21345.85
47697.97,47697.97,4551.08,47697.97,44511.57,41078.84,47697.97,22168.85,1547.48,13076.52
21708.21,1911.78,20224.11,37989.54,21060.39,36153.04,23914.88,588.17,5650.63,45962.59
22321.09,31968.97,20386.39,22068.5,18027.54,47283.33,11806.03,22798.98,16741.84,43286.34
16253.28,45545.71,45545.71,45545.71,2106.5,45545.71,19277.35,47348.25,42290.66,45545.71
47560.34,10196.25,39687.66,13702.23,10196.25,31252.54,3132.06,10196.25,10196.25,10196.25
34687.72,46025.03,48102.89,48627.83,48991.77,13664.46,44569.36,36469.76,49134.19,49392.34
33667.78,33902.27,21052.17,5567.87,49190.89,18785.74,22877.79,41369.3,42404.0,27438.88
6116.41,10196.25,41788.59,40857.07,10196.25,49889.24,8001.0,10196.25,10196.25,10196.25
47693.44,22530.27,44199.03,47146.54,8379.54,32961.73,35190.44,21509.46,43867.07,45217.09
46866.29,19601.37,28541.14,36194.7,46298.28,19601.37,19601.37,19601.37,229.11,19601.37
43665.74,12003.9,38242.45,31351.34,48311.8,38951.18,37683.42,6640.84,41213.06,49862.49
644.38,17709.22,17709.22,39988.27,17709.22,17709.22,17709.22,28560.76,21270.18,24404.62
584.34,47281.42,4995.33,32291.52,19001.13,6222.5,10652.77,40340.63,17019.06,4046.26
31449.88,44218.43,26026.6,14572.09,44689.8,26735.32,25467.56,39791.06,28997.21,34429.04
33344.89,23550.89,15418.01,6965.9,6456.3,25773.43,44052.36,44525.32,4055.22,9149.07
19168.2,2401.66,28929.87,26632.51,21444.97,20445.88,10638.39,38793.29,14749.58,7683.64
14331.53,17213.63,1895.54,49629.23,2185.65,14331.53,14331.53,14331.53,8519.56,36363.92
48016.03,9674.65,44053.86,48016.03,318.95,48016.03,33993.4,48016.03,42367.57,48016.03
12588.6,42086.33,44164.19,44689.13,40037.88,34272.85,40630.66,5264.13,33494.8,45453.64
12439.52,12439.52,309.0,12439.52,3129.4,10659.84,12439.52,39996.02,36197.22,7019.37
618.43,9266.72,32018.13,35468.76,36064.94,9266.72,9266.72,9266.72,9266.72,28441.21
43131.5,10196.25,12153.57,26083.57,10196.25,28922.13,19595.5,10196.25,10196.25,10196.25
37300.66,21321.73,3108.83,27349.13,31403.04,27349.13,27349.13,14235.43,36648.24,27349.13
33171.67,10196.25,39079.34,694.04,10196.25,44947.07,16023.6,10196.25,10196.25,10196.25
15925.18,1104.91,14954.72,15925.18,39240.38,15925.18,35841.8,15925.18,11887.9,15925.18
24281.39,13533.62,13830.69,22692.51,39430.41,40842.8,31633.88,30897.25,27525.88,7046.89
30665.99,8318.23,41702.47,6121.88,6477.65,45124.17,27710.7,43291.48,2492.08,49220.46
36803.33,19183.06,20158.72,10362.59,31023.7,32430.35,47497.51,23172.92,25895.89,26759.47
22455.93,34626.57,38728.3,3190.55,33058.7,11634.55,33761.49,48631.74,24089.98,12806.1
14383.48,41949.27,18925.27,23361.54,36365.84,35536.09,19448.47,13716.9,704.38,9686.82
36066.87,30650.43,36066.87,36066.87,26187.18,36066.87,23453.89,6741.05,918.14,26046.66
47340.9,26452.58,15940.45,48855.39,38771.04,49357.97,43923.68,39848.23,46877.9,43343.42
12443.68,30735.83,31527.11,3936.43,3936.43,35363.82,3936.43,16026.41,3936.43,7643.97
21202.93,47464.19,29478.71,7060.51,38447.24,19350.79,49768.0,11835.94,44904.84,30604.69
42672.56,42955.61,41290.17,1152.7,1152.7,1152.7,13731.18,1152.7,40533.05,25913.03
12336.25,19678.99,16003.2,9356.94,32267.21,864.34,23653.48,24286.7,20653.02,25780.9
16662.39,25437.88,12024.55,27946.89,29092.79,49234.75,32580.15,26232.11,16568.19,43313.78
8388.05,44190.37,32432.77,46498.07,42314.16,24598.24,49660.6,4097.3,49660.76,49830.62
3433.16,39001.19,3433.16,15736.16,3433.16,3433.16,30314.91,22353.28,44615.4,3433.16
27163.92,48811.99,10219.12,30718.99,48865.19,14483.08,35540.12,25867.45,2426.07,44144.12
21202.93,47464.19,26199.79,7060.51,38447.24,20319.08,49768.0,186.46,43782.65,34356.19
19747.11,28981.13,10548.04,40368.66,42839.7,43453.85,7469.04,43447.75,45495.13,39179.64
49049.22,20458.58,49049.22,15962.18,49049.22,49049.22,29673.95,16306.98,3401.12,49049.22
24281.39,13533.62,13830.69,22692.51,24510.42,30267.85,46551.14,37799.28,31073.93,39391.45
29388.11,29303.65,33942.22,1454.11,36055.03,1454.11,1454.11,5027.16,35786.85,1454.11
36230.57,22834.4,26530.08,37989.54,21060.39,36963.11,23914.88,8283.27,40808.44,45962.59
32642.83,2131.53,3107.18,26116.42,36284.99,4273.43,37982.93,6121.38,8844.36,9707.94
34348.6,34422.57,28925.32,3941.81,40611.0,29634.05,28366.28,46926.95,31895.93,20004.7
14383.48,41949.27,18925.27,23455.39,34083.32,35536.09,21995.51,35725.65,704.38,31044.85
12616.33,12616.33,17412.5,31180.69,31180.69,12616.33,31180.69,40988.74,31180.69,12616.33
42693.15,44471.09,44471.09,22784.89,44471.09,44471.09,44471.09,28999.36,3580.93,6792.62
2046.07,42124.0,6101.64,6846.13,30201.72,20417.0,15481.63,45327.59,5783.19,6806.6
29389.84,13308.57,24192.95,15442.22,9620.22,22147.58,10915.89,35153.52,897.01,9178.67
24281.39,13533.62,13830.69,22692.51,19514.0,7254.45,19412.45,40647.06,31979.22,38451.59
30751.8,47004.02,35180.43,45188.32,29165.61,31172.79,44832.7,37873.66,41216.22,7056.21
40725.58,322.44,8097.94,8728.11,23392.42,33459.17,20798.38,22156.47,27358.99,21345.85
11356.71,7689.04,9615.39,10621.86,8344.97,35048.84,23120.94,20422.56,47458.14,13472.12
40301.31,36495.36,40301.31,34518.76,40301.31,40301.31,34465.68,32581.51,13515.42,40301.31
8388.05,43309.34,32432.77,2647.0,36059.76,42987.25,7884.49,4097.3,49660.76,49830.62
42328.61,47281.42,4995.33,32291.52,32858.54,28828.24,10652.77,32108.01,17019.06,1265.24
7219.78,40100.97,5478.46,6484.93,4208.04,44481.03,20607.89,14654.67,10225.83,9335.19
32643.7,29343.75,16284.91,32148.47,35346.32,18217.94,30287.22,36227.65,37931.08,19498.9
30677.28,6375.86,28935.96,29942.42,27665.53,6375.86,6375.86,6375.86,6375.86,32792.68
47055.06,229.52,229.52,28370.68,5586.91,229.52,3442.16,229.52,15205.11,229.52
22366.98,46987.65,3112.41,36317.51,34575.05,32009.86,31061.28,29020.04,13569.76,4218.83
17691.31,20590.28,93.13,44512.07,21662.74,20590.28,20590.28,20590.28,20590.28,3831.1
35648.7,27201.82,5952.54,49619.54,15765.0,5952.54,5952.54,5952.54,10064.8,19230.79
39178.94,10665.78,12931.51,45516.34,39178.94,38777.32,19749.33,39178.94,39178.94,20999.15
26677.98,23378.03,17606.03,26182.76,10976.51,6500.21,24321.51,8238.56,14121.98,44624.56
8388.05,33371.97,32432.77,24401.28,21473.68,46826.83,9619.58,4097.3,49660.76,49830.62
48664.45,22685.96,39598.82,39598.82,39598.82,46811.34,40153.92,39598.82,47580.23,39598.82
2819.49,30940.99,13395.74,34728.45,2819.49,38594.32,25717.4,2819.49,2819.49,43634.25
21641.68,34851.77,11742.84,4066.8,4066.8,4066.8,16745.63,4066.8,22617.01,3722.43
680.7,42188.34,10637.5,44322.0,38499.99,32494.24,39795.66,39249.67,34256.88,38058.44
21202.93,47464.19,106.7,7060.51,38447.24,48412.8,49768.0,46073.58,23518.25,8674.97
37044.25,28026.51,37144.65,39212.4,30047.83,37044.25,37044.25,37044.25,34159.7,733.03
11873.72,3135.35,34502.64,388.09,40581.4,6364.82,6100.6,10057.88,39790.26,34734.66
10779.62,49480.94,38362.68,23652.81,28679.07,49480.94,49480.94,49480.94,49480.94,13380.82
27168.37,27168.37,27168.37,26420.81,27168.37,13189.07,42922.08,29191.29,27168.37,49468.38
25320.7,1378.12,34669.94,26835.19,13729.73,27337.77,21903.49,12004.55,24857.7,17346.44
45771.88,41334.43,22001.56,24659.42,45771.88,28562.81,3208.37,45771.88,45771.88,48195.37
8344.09,2375.2,17522.09,40659.48,5233.84,43744.66,36616.43,14257.82,45785.94,39470.46
42837.04,16101.61,16101.61,31196.36,34346.65,16101.61,41315.1,16101.61,8773.77,16101.61
21182.81,44986.72,19441.49,20447.95,18171.06,36304.27,28022.59,37920.43,10071.64,23298.21
8851.64,46264.97,24729.52,30567.17,43874.52,46264.97,46264.97,46264.97,1244.0,46264.97
16662.39,27120.65,12024.55,21907.31,46840.65,10940.22,32580.15,26232.11,16568.19,34757.29
17204.57,47281.42,4995.33,32291.52,41944.11,7512.71,10652.77,14576.96,17019.06,26559.92
11982.48,28884.34,10241.16,11247.63,8970.74,19465.71,21534.05,18759.47,49047.69,14097.89
1065.3,47281.42,4995.33,32291.52,29256.38,16287.19,10652.77,38404.37,17019.06,396.54
932.29,41351.06,41809.02,24544.4,46303.95,41809.02,41809.02,41809.02,11598.38,17217.52
3849.9,549.95,43590.74,3354.67,21370.69,47517.15,1493.42,17410.76,32925.08,26442.39
28305.65,30295.28,1050.32,37532.1,30670.53,19600.34,5448.3,21397.6,49773.5,44360.67
19123.03,10616.86,39512.05,5016.44,7292.63,20106.69,23815.44,44251.36,42176.83,32189.01
40995.47,20008.32,20008.32,26953.25,20008.32,20008.32,20008.32,26853.79,39917.31,43573.19
30689.61,35382.89,32057.23,44148.37,19219.82,35382.89,35382.89,35382.89,17134.43,35382.89
6712.18,8299.63,8299.63,47096.39,5561.75,8299.63,51.84,8299.63,34646.12,8299.63
18482.52,15182.57,44564.8,17987.3,13680.93,48032.48,16126.05,25576.52,34570.58,29697.94
11870.82,8602.6,41845.82,12433.91,26500.7,37368.44,38984.45,24676.52,24736.04,26713.11
20476.51,44199.66,5985.57,7346.65,36902.86,5985.57,5985.57,5985.57,8292.77,29948.06
16540.29,30383.82,31359.48,32481.17,43688.48,13064.95,14373.9,34373.68,37096.65,37960.24
21834.4,30695.15,30695.15,30695.15,4778.59,30695.15,40780.15,5511.44,11550.63,30695.15
17751.9,16003.24,16804.8,24374.49,47469.78,27547.36,31395.1,12220.23,20957.59,6667.98
44047.13,44148.24,1050.32,6224.28,30670.53,19600.34,47883.87,21397.6,35561.27,44360.67
12336.25,18868.77,11754.25,11214.82,42928.43,864.34,21097.56,24286.7,20653.02,25780.9
17308.16,2809.4,47156.38,18822.65,4464.32,19325.23,13890.95,18514.69,16845.16,17865.81
8388.05,27495.4,32432.77,41868.66,36148.76,44895.03,11195.71,4097.3,49660.76,49830.62
28646.63,40360.65,30232.62,7479.71,7479.71,7479.71,43291.56,7479.71,21466.43,10665.92
37287.22,34125.36,31863.94,44089.27,35842.17,32572.66,31304.9,16494.94,34834.55,8798.22
6437.37,48460.41,33946.79,5294.74,31914.18,48460.41,48460.41,48460.41,16756.7,48460.41
39904.14,2937.04,35829.37,31288.61,16960.9,34373.8,385.57,29237.8,36415.08,30099.59
21202.93,47464.19,48572.09,7060.51,38447.24,6627.93,49768.0,2152.04,28354.26,17607.33
8517.95,46556.54,28653.06,8517.95,32743.19,8517.95,31223.55,8517.95,36825.45,8517.95
13761.86,37988.19,10267.46,13214.96,10445.9,14739.64,36625.85,10515.23,9935.49,11285.51
24530.8,24570.84,20764.85,26045.29,12265.13,26547.87,21113.58,47792.73,24067.8,35337.92
21770.79,21770.79,3072.86,21770.79,46895.97,46782.14,21770.79,19834.85,49963.41,20060.25
25334.65,29936.5,17220.49,15446.15,10577.48,18531.34,19457.62,41072.13,20572.62,14257.13
6607.69,37016.01,38457.37,42948.35,31368.72,46033.54,27891.84,47765.34,48074.81,41759.33
11684.0,29530.02,1604.04,13831.48,46949.07,1604.04,1604.04,1604.04,41549.91,33819.24
12616.33,12616.33,18929.37,29769.4,18533.73,12616.33,5302.44,8426.64,45613.36,12616.33
27508.62,15833.22,25767.3,26773.77,24496.88,11771.76,48867.24,48612.53,8364.08,29624.02
18786.41,35450.76,4098.45,27983.73,17231.51,7520.14,18795.1,5687.46,29759.4,11616.44
48030.58,22508.42,44653.96,19761.16,36214.5,25737.89,25473.67,29430.95,25730.46,34585.78
46123.4,31896.01,37725.49,29148.75,47060.88,35125.48,34861.26,38818.54,25027.56,39497.32
38669.55,48997.77,34789.29,18620.21,28711.2,1103.44,3294.83,18706.79,39389.24,44624.95
14383.48,41949.27,18925.27,37989.54,21060.39,35536.09,23914.88,35116.25,704.38,45962.59
5339.84,45877.79,45009.8,40368.36,37679.49,46169.45,40754.1,32359.22,45472.63,33528.96
14383.48,41949.27,18925.27,23745.96,45389.27,35536.09,34642.05,49720.11,704.38,23703.66
6371.48,16529.34,37132.01,32927.27,34394.07,3858.64,3045.42,12188.28,45586.88,27507.4
39518.36,5610.64,39518.36,25036.92,39518.36,39518.36,24718.48,40929.77,48416.25,39518.36
9762.96,40768.29,7802.05,8546.53,19042.48,10490.69,14671.26,23405.07,7483.59,8507.0
36066.87,6696.86,36066.87,36066.87,37754.94,36066.87,9197.61,30901.54,8587.39,1290.44
18432.86,14896.04,21052.17,5567.87,49190.89,18785.74,27323.46,41369.3,25335.05,5500.9
46681.08,4531.16,21052.17,5567.87,49190.89,18785.74,19455.34,41369.3,8278.83,4165.54
30826.88,32285.0,12115.46,26896.07,18387.51,32285.0,32285.0,32285.0,32285.0,30262.81
4147.09,26837.69,632.11,5661.58,45957.12,6164.16,729.88,12341.94,3684.09,6565.2
14383.48,41949.27,18925.27,37989.54,21060.39,35536.09,23914.88,25608.93,704.38,45962.59
36692.8,47281.42,4995.33,32291.52,13842.58,1433.05,10652.77,30016.46,17019.06,32316.0
39095.28,11480.44,39095.28,1217.72,39095.28,43862.75,39095.28,17898.57,12680.96,39095.28
33900.59,397.7,41973.07,41087.93,42783.53,44173.12,39968.78,47475.35,46214.4,39898.91
49265.14,45965.19,11371.53,48769.92,11928.78,29755.95,46908.67,48882.14,30321.88,15219.29
17116.86,24334.08,3988.02,35479.28,20804.38,38564.46,9708.56,29917.53,40605.74,34290.26
40225.96,36926.01,13972.76,39730.73,5603.46,29722.41,37869.48,38039.72,14245.91,31941.6
31121.21,5230.25,21052.17,5567.87,49190.89,18785.74,26038.37,41369.3,43399.18,26236.61
44591.28,9043.68,11022.74,3190.55,33058.7,11634.55,28202.05,4959.64,24089.98,22931.25
24281.39,13533.62,13830.69,22692.51,2878.72,40842.8,31633.88,30897.25,7847.02,7046.89
48814.99,41348.25,4037.09,18671.43,26166.41,4037.09,4037.09,4037.09,17469.91,41561.4
49697.47,24964.03,49697.47,20564.21,49697.47,49697.47,28376.22,2802.42,24051.61,49697.47
33529.44,9623.57,9623.57,38514.83,38514.83,9623.57,38514.83,9623.57,38514.83,9623.57
36066.87,34409.17,36066.87,36066.87,32695.43,36066.87,44574.93,1338.25,608.71,16637.43
38824.04,4614.23,8226.4,37989.54,21060.39,14025.89,23914.88,39155.93,39812.67,45962.59
47324.58,4700.17,2410.23,32827.72,32409.78,5831.92,39834.84,3999.24,22946.04,9928.21
6360.61,22346.14,22346.14,22346.14,21042.1,22346.14,7466.79,16300.59,5555.43,22346.14
15769.6,12469.65,43904.36,15274.38,44380.91,691.74,13413.13,37153.88,12270.33,18167.21
5895.65,48523.08,3960.95,5643.05,1602.09,24777.69,38609.79,6373.53,1534.86,27162.87
26081.19,15732.25,15732.25,46507.06,15732.25,15732.25,15732.25,43158.11,16433.03,33467.81
12616.33,12616.33,32222.72,42030.72,9141.32,12616.33,1698.74,41802.74,35852.84,12616.33
46923.24,33560.65,40173.9,20964.03,8190.46,35900.51,32569.96,17741.35,11279.59,16857.86
16852.01,17135.06,15469.62,26897.88,46307.26,40474.03,28555.23,36763.62,14712.5,49310.87
49304.75,2072.66,3951.65,23005.43,32925.24,10228.71,10099.42,34732.88,24335.95,28288.83
9614.86,31862.32,9614.86,49131.15,9614.86,9614.86,8953.79,16246.26,45231.77,9614.86
16662.39,32063.36,12024.55,21827.67,42113.11,29440.38,32580.15,26232.11,16568.19,4077.39
8213.12,13938.84,20716.98,16072.49,10250.48,44866.84,11546.15,9550.97,26626.04,9808.93
27168.37,27168.37,27168.37,11130.41,27168.37,16638.6,44846.44,46010.04,27168.37,3009.88
12616.33,12616.33,9996.04,41323.25,28241.81,12616.33,20041.51,21056.17,26122.44,12616.33
40725.58,25542.44,8097.94,35358.69,45288.96,33459.17,15013.68,15437.29,27358.99,21345.85
28596.77,6991.17,25102.37,28049.87,15569.08,37465.16,13740.61,12671.83,24770.41,26120.43
16662.39,45606.31,12024.55,45345.13,36036.05,23691.41,32580.15,26232.11,16568.19,20154.97
46752.61,33561.93,33053.55,35695.58,29873.58,33238.6,31169.25,24010.36,16483.02,29432.03
16662.39,12370.0,12024.55,49743.41,2143.09,10376.12,32580.15,26232.11,16568.19,41787.93
12336.25,12485.33,4271.7,40677.44,45685.07,864.34,43818.91,24286.7,20653.02,25780.9
35594.13,12226.13,46022.03,40368.36,47603.99,46169.45,40754.1,32359.22,39215.5,28955.96
34797.48,26093.4,31303.08,34250.58,8912.02,13287.91,34719.76,43037.55,30971.11,32321.13
5362.01,32630.74,34561.65,37095.6,14289.86,5362.01,5362.01,5362.01,24389.74,17197.97
38295.71,39566.3,22783.43,40368.36,11571.37,46169.45,40754.1,32359.22,48869.43,9014.34
9836.53,26295.92,4452.15,12169.74,11492.08,26295.92,26295.92,26295.92,15269.63,26295.92
44966.55,15923.61,44966.55,2987.51,44966.55,9036.86,44966.55,3183.63,6978.35,44966.55
40725.58,36532.61,8097.94,40536.54,28703.94,33459.17,2076.5,17999.09,27358.99,21345.85
41260.96,1499.61,1499.61,34163.09,1499.61,1499.61,1499.61,42811.98,28774.65,37288.9
18028.94,7078.28,20951.61,28450.8,1437.53,24373.3,39309.02,22540.62,21044.98,28469.59
6821.71,42460.43,26839.98,39713.18,49922.36,45689.91,45425.69,49382.97,28818.63,310.02
36066.87,19894.47,36066.87,36066.87,33584.3,36066.87,38638.69,44666.44,24876.49,42152.68
36066.87,28479.53,36066.87,36066.87,49799.95,36066.87,9096.39,9755.41,34134.95,45532.35
12101.75,19048.94,29257.02,12687.22,25744.99,13542.2,26872.47,40201.0,24250.0,11748.32
39178.94,26012.04,26012.04,26012.04,39178.94,26012.04,11946.93,39178.94,39178.94,26012.04
27168.37,27168.37,27168.37,41890.31,27168.37,147.56,48811.07,5764.27,27168.37,10804.2
24281.39,13533.62,13830.69,22692.51,33756.38,32086.42,37790.18,43071.52,18091.93,11388.96
21351.06,1171.17,2146.83,35965.91,30563.18,34361.56,22865.2,5161.03,7884.0,8747.58
38009.02,33201.24,18998.42,14491.24,40271.39,22420.11,36961.25,20587.43,41475.31,26516.41
43131.5,15463.23,12153.57,4475.21,11241.09,28922.13,19595.5,40449.13,5491.14,6479.85
47220.62,20498.72,27606.69,17751.46,27219.42,23728.19,23463.97,27421.25,25114.11,26380.27
663.34,47281.42,4995.33,32291.52,17279.41,13794.15,10652.77,3441.61,17019.06,11099.11
39178.94,45497.89,16314.25,33886.3,39178.94,13771.38,38.32,39178.94,39178.94,12184.08
12616.33,12616.33,30470.69,19609.18,2294.26,12616.33,33491.98,32170.55,43195.8,12616.33
27168.37,27168.37,27168.37,22085.74,27168.37,22085.74,22085.74,44083.22,27168.37,22085.74
34902.3,28386.94,36555.38,18939.69,7024.65,45665.7,45636.28,32954.81,47300.16,47935.97
36099.29,6785.53,30676.01,37867.68,39469.45,31384.73,30116.97,22176.6,33646.61,44838.05
46910.77,46910.77,27783.26,46910.77,35845.17,30500.79,46910.77,9066.06,46893.22,41018.4
12694.51,21510.61,16050.24,46803.79,17681.9,49150.14,24872.42,12154.83,44594.88,26714.1
40976.65,13243.58,23159.04,32032.45,32260.43,36377.9,29962.15,7518.19,17716.24,43492.23
14383.48,41949.27,18925.27,47547.0,18085.76,35536.09,38642.96,41242.3,704.38,20403.69
38924.52,44891.15,33501.24,43792.69,21178.16,34209.97,32942.2,1520.38,36471.85,1666.31
4812.63,45631.08,5441.79,9858.69,4812.63,47460.21,14855.34,4812.63,4812.63,48688.02
40725.58,37412.04,8097.94,2994.72,18737.11,33459.17,28462.74,16395.99,27358.99,21345.85
33443.35,33726.4,32060.97,40769.74,40769.74,40769.74,6633.67,40769.74,31303.85,38187.78
36054.6,27997.29,36054.6,10150.57,36054.6,18951.05,36054.6,39098.89,11049.02,36054.6
12336.25,39990.51,9624.21,39891.97,49130.06,864.34,29204.74,24286.7,20653.02,25780.9
36467.09,34681.76,25487.57,18523.33,18523.33,18523.33,22525.9,18523.33,48034.63,28878.13
14383.48,41949.27,18925.27,3255.57,31380.39,35536.09,40912.76,34640.34,704.38,4348.97
26017.9,34392.38,22340.44,9092.99,24958.57,26017.9,26017.9,26017.9,18051.66,44863.13
32789.77,36426.88,29295.36,32242.87,11567.1,40989.93,28989.32,12779.78,28963.4,30313.42
8673.94,18077.5,39598.82,39598.82,39598.82,10873.24,35646.8,39598.82,40471.85,39598.82
29436.09,31995.27,26877.94,40368.36,14626.11,46169.45,40754.1,32359.22,8397.2,7289.81
15925.33,28896.8,15925.33,21362.94,15925.33,15925.33,8597.79,44514.54,31937.13,15925.33
33822.04,12950.11,46597.38,37989.54,21060.39,2411.06,23914.88,45986.84,43243.24,45962.59
2002.73,13141.21,1050.32,34632.97,30670.53,19600.34,29434.28,21397.6,29027.67,44360.67
11622.16,48803.96,11622.16,48812.86,11622.16,11622.16,26373.3,48066.11,46058.75,11622.16
28619.51,41239.89,42243.78,40368.36,12064.91,46169.45,40754.1,32359.22,28083.6,12174.53
41469.23,40033.47,22785.0,39291.44,26685.43,39291.44,39291.44,25276.13,18847.93,39291.44
12616.33,12616.33,14678.2,41983.95,38920.36,12616.33,43689.45,12314.27,45953.2,12616.33
42699.54,34234.14,36312.01,36836.95,24337.04,27254.61,32778.48,12854.2,43499.31,37601.46
16662.39,29315.12,12024.55,22845.92,9624.38,8813.99,32580.15,26232.11,16568.19,44114.06
22678.79,26543.21,21052.17,5567.87,49190.89,18785.74,7252.36,41369.3,25527.98,28272.67
34845.26,7155.93,34845.26,2894.34,34845.26,40454.0,34845.26,11455.71,26661.7,34845.26
25349.24,16699.4,26823.21,41602.9,19574.92,35255.76,44110.15,15994.81,29723.72,22579.67
12616.33,12616.33,48274.37,31937.04,34062.76,12616.33,29506.53,18601.38,33116.85,12616.33
35539.96,21537.06,33605.25,35287.36,31246.4,1215.51,47787.08,36017.84,23693.4,49156.22
20844.52,35538.63,31897.37,49963.73,49963.73,11513.74,49963.73,44687.32,49963.73,27641.73
36066.87,2979.33,36066.87,36066.87,36095.08,36066.87,30239.49,9387.47,47385.14,21498.45
12109.96,21479.09,28200.07,38130.12,27056.21,46480.31,11054.15,27620.96,11510.43,18385.56
33511.01,31210.33,8177.79,35025.49,13492.82,35528.08,30093.79,23710.03,33048.0,27562.74
3597.82,21399.51,18564.29,23533.17,17711.16,33166.61,19006.83,4589.57,3652.27,17269.61
34310.56,17282.64,3296.05,34310.56,26884.21,34310.56,1876.04,34310.56,19389.67,34310.56
35159.85,8325.77,49149.7,40368.36,29230.72,46169.45,40754.1,32359.22,11378.83,22511.57
11048.71,31238.59,20722.42,11048.71,49384.57,11048.71,8995.41,11048.71,8144.37,11048.71
12616.33,12616.33,45284.88,23343.89,639.94,12616.33,49239.98,45433.52,1525.77,12616.33
6350.93,2979.46,4609.61,5616.08,3339.19,7710.55,14266.55,46425.63,2106.68,8466.34
12616.33,12616.33,6660.01,45895.48,12137.73,12616.33,46686.21,705.11,26794.12,12616.33
12336.25,35392.13,39779.27,24596.38,46538.87,864.34,21845.5,24286.7,20653.02,25780.9
5186.03,43004.17,21330.99,40256.92,41888.66,46233.65,45969.43,49926.71,12675.49,986.81
16662.39,3144.85,12024.55,22215.71,22995.51,45193.32,32580.15,26232.11,16568.19,40876.27
22420.23,25595.5,45171.63,14207.79,33863.07,10899.6,43653.65,33272.2,44283.39,38758.95
27168.37,27168.37,27168.37,19677.0,27168.37,40842.8,31633.88,30897.25,27168.37,7046.89
18006.42,36618.88,36618.88,36618.88,1443.84,36618.88,35332.47,12141.52,41440.16,36618.88
22152.14,40663.1,22152.14,7010.49,22152.14,19260.16,22152.14,37477.46,12433.89,22152.14
39178.94,11783.41,26615.91,44871.84,39178.94,35035.53,1586.46,39178.94,39178.94,27657.56
44138.28,9409.21,10921.65,33475.79,33475.79,33475.79,9759.53,33475.79,47524.58,17978.49
16243.94,37076.71,47041.22,25602.55,16243.94,23750.75,28802.39,16243.94,16243.94,37095.72
27168.37,27168.37,27168.37,46922.9,27168.37,40842.8,31633.88,30897.25,27168.37,7046.89
39178.94,22832.25,39625.97,49949.14,39178.94,28148.86,15206.62,39178.94,39178.94,15044.59
24281.39,13533.62,13830.69,22692.51,962.6,40842.8,31633.88,30897.25,2010.76,7046.89
36066.87,39169.72,36066.87,36066.87,39500.36,36066.87,12425.65,26225.76,27210.35,39717.61
36066.87,15813.67,36066.87,36066.87,20659.84,36066.87,14177.77,31687.33,39315.21,19163.05
43131.5,38194.51,12153.57,34143.51,41260.37,28922.13,19595.5,18902.91,30090.88,29518.82
12616.33,12616.33,17950.2,41965.72,23790.98,12616.33,191.75,9400.48,11008.07,12616.33
39178.94,17487.51,11426.92,39900.18,39178.94,3709.78,34262.2,39178.94,39178.94,36198.44
46726.14,33178.61,33178.61,33178.61,5908.63,33178.61,4667.34,3172.4,43507.31,33178.61
18235.06,5359.97,18235.06,140.67,18235.06,44210.83,18235.06,38298.97,19888.06,18235.06
28508.34,27386.21,12983.77,29519.86,23697.85,5556.69,24993.52,25672.39,2024.01,23256.3
30986.41,15355.59,45037.18,32500.89,11689.97,33003.48,27569.19,20474.94,30523.4,31860.24
7388.18,36415.26,20077.93,38548.91,32726.9,24113.72,34022.57,47030.91,11444.68,32285.35
34590.04,7387.65,40796.15,40368.36,14721.38,46169.45,40754.1,32359.22,7645.97,27325.63
