47996.18,23284.8,10218.12,10218.12,5416.65,26726.07,10218.12,10218.12,10218.12,12959.14
10939.49,40165.55,32173.45,27783.74,12478.51,34685.83,45245.88,16385.71,4227.3,21614.19
48580.72,16163.92,12325.7,17271.28,22657.99,895.73,30704.87,7787.6,4429.86,2793.26
43620.38,31266.01,2114.54,16783.11,2403.66,10068.73,45060.23,40263.68,32438.48,30699.96
40114.3,33562.87,26896.83,19284.83,14695.12,43628.12,10350.78,27477.88,29575.64,35667.04
16237.69,17759.5,10430.65,16237.69,10957.17,779.29,16237.69,16237.69,3798.69,16237.69
37179.49,20760.76,21168.3,5799.67,38737.02,3868.5,25765.46,15311.26,47509.81,24192.83
14347.86,48872.66,19576.74,15747.28,10360.18,38033.73,6250.55,45996.02,40486.76,4453.36
36178.35,23706.63,18077.35,2385.74,40223.55,1313.71,7887.43,41131.05,6497.0,4096.7
5816.11,182.43,11501.8,3006.83,3311.31,37814.96,15947.4,7051.42,44544.91,30185.33
29060.06,5937.68,21605.16,17673.53,43739.87,16785.03,27609.05,24426.52,21147.05,10842.83
20970.49,1772.73,10109.51,46096.68,26589.92,49573.48,3605.46,6898.5,38604.44,36304.88
46814.55,33087.9,35218.07,5824.55,29127.06,35218.07,35218.07,38574.16,31279.25,35218.07
47057.22,12466.72,38744.98,44337.05,32316.14,11022.12,35116.87,17623.64,5385.93,19390.17
47397.64,13413.81,45308.6,33738.93,29349.01,47128.68,18006.67,46499.02,46272.26,29340.57
19839.94,14956.16,13502.12,18495.9,14506.12,6492.3,17435.75,24890.6,22111.66,1077.22
40442.98,22355.8,34883.78,33478.96,34848.41,24000.91,32767.3,16020.34,24961.62,42108.18
40933.06,5054.74,745.22,29764.1,36628.01,12334.04,44897.43,48844.02,37784.56,46670.91
29550.87,15330.87,33567.4,47875.75,21919.33,44425.07,46688.17,4103.39,1592.11,4259.1
19839.94,30568.68,1937.0,17763.12,14506.12,6492.3,42222.79,5660.5,22111.66,1077.22
32727.4,45441.17,10091.81,12539.48,34761.57,37896.24,33488.65,23380.51,30258.86,7215.11
8088.03,49492.55,41164.39,15525.33,3791.44,12240.91,455.1,14406.18,2528.21,30.45
14680.94,24020.08,5704.7,32624.17,43338.27,28551.44,20906.15,9134.34,11541.37,15995.81
22215.57,26597.12,45755.29,9026.68,39558.71,48224.49,13241.94,6051.19,31315.86,2895.02
12934.15,6779.24,39468.4,31179.51,19046.54,15096.56,17770.76,21022.25,41848.93,49850.42
12520.2,30044.03,7311.71,45869.6,48320.25,5181.88,5149.65,29976.48,15802.83,8507.26
19839.94,30018.38,16952.24,11655.65,14506.12,6492.3,10023.9,35409.85,22111.66,1077.22
24317.7,37557.55,10218.12,10218.12,2589.58,8973.57,10218.12,10218.12,10218.12,33837.75
8316.71,48468.22,43994.17,1192.66,4965.66,26496.03,13553.06,7340.65,46560.72,47849.39
48022.11,5904.46,15520.69,34218.95,45750.31,31920.35,29677.36,9434.54,16802.46,27321.7
29471.33,28891.55,17414.17,32356.55,42742.23,20136.93,29819.46,22701.33,8378.57,14139.55
22671.95,22815.33,7928.37,12845.35,38377.84,42140.02,32596.45,6715.21,42930.29,8493.88
21840.4,19857.81,21840.4,21840.4,44047.96,21840.4,21840.4,44992.59,458.09,5498.14
14680.94,24020.08,7522.31,42754.96,39498.04,34413.71,7575.82,9134.34,4863.54,15995.81
3057.35,11382.64,4475.03,30771.24,4475.03,24271.05,4475.03,4475.03,7803.48,34911.71
2399.48,20982.12,20982.12,17099.49,20982.12,12376.7,20982.12,20982.12,49043.01,18477.21
7208.7,24777.42,6727.52,42753.46,37025.02,37171.5,37733.6,48539.92,34779.1,4569.61
13167.46,33971.99,29487.05,43752.37,13167.46,11686.72,13167.46,13167.46,31595.92,13167.46
45585.49,17419.22,33426.33,10047.39,13049.01,45629.09,1779.76,12994.26,3329.5,29699.87
31241.55,44577.13,23109.21,21604.39,44067.38,27466.23,35911.23,11929.67,28328.35,5770.03
1182.03,1182.03,3064.33,11950.76,1182.03,3064.33,3064.33,1182.03,1182.03,3064.33
11271.31,7701.32,11271.31,11271.31,43672.26,11271.31,11271.31,43259.26,4795.27,11404.75
7490.01,25469.73,23302.91,3963.73,30507.24,36789.71,37162.0,574.43,28844.42,27982.26
23713.26,41710.83,5709.8,1432.46,34079.24,34172.46,4090.63,37553.16,22724.69,273.67
3464.79,613.17,40763.06,10688.17,11641.61,40763.06,40763.06,22405.05,5226.84,40763.06
19839.94,45381.03,7295.53,2564.92,14506.12,6492.3,2905.37,7674.75,22111.66,1077.22
22671.95,22815.33,7928.37,48144.65,9064.8,16499.8,40750.97,6715.21,42930.29,13031.18
12738.94,24182.48,13483.51,49989.29,7218.46,32183.05,8602.3,10839.89,20254.28,26841.91
10350.18,27032.87,10218.12,10218.12,35614.76,428.96,10218.12,10218.12,10218.12,39587.91
4620.08,5656.07,32653.75,35715.88,32653.75,36602.2,32653.75,32653.75,41631.34,4475.42
18774.01,49487.34,37736.27,12884.68,14896.64,2742.36,41223.82,33176.58,13562.41,8551.82
13115.07,24583.05,41832.07,23048.17,21224.94,25671.46,31446.89,31127.49,42012.4,23789.44
19110.44,49756.65,20075.36,39900.62,4559.21,17211.92,45700.16,30352.68,912.39,34894.43
25359.5,5111.36,36964.35,35517.1,46707.31,13627.9,43977.42,27694.05,35403.45,28314.18
32904.31,416.6,33506.7,19527.29,30578.6,49762.96,31284.95,23331.34,163.71,14269.56
27648.53,7387.56,6811.97,36152.15,6118.49,23504.56,4528.42,31508.98,7212.89,42465.14
627.66,11781.16,22329.12,20572.34,38823.23,47155.32,11106.88,42687.42,14055.01,21198.89
6211.75,346.39,20794.03,34561.21,16614.83,48368.25,20681.12,43405.23,45808.23,10526.6
33253.58,40658.26,10379.28,37546.43,45188.65,1196.95,18694.33,3323.1,5938.24,10442.19
20759.79,31808.07,12711.76,32779.12,25179.99,3357.76,22231.72,29849.4,35760.04,32425.03
29027.83,25245.15,39778.62,1254.69,29088.47,42748.61,16908.51,22961.25,13622.98,10765.9
38939.82,1584.52,31683.13,28509.29,12444.38,11128.64,11163.59,24559.83,41713.48,20490.59
31716.04,14950.05,23587.66,6764.27,31716.04,348.54,31716.04,4730.15,31716.04,31716.04
6699.47,12889.24,12889.24,38495.08,12889.24,7558.94,12889.24,12889.24,46622.3,128.02
42727.54,21244.21,31936.78,49140.18,5046.86,23771.49,33098.58,35066.41,18614.41,27776.57
19198.09,32769.06,8972.15,31145.28,48732.5,8836.74,25787.63,18250.41,47222.95,26281.15
42845.19,10561.14,10813.97,42998.44,15885.94,15320.93,31963.8,16634.37,26210.5,44391.78
48705.09,20653.41,15749.14,22505.42,1984.0,1144.52,13633.19,15694.27,5660.24,3569.08
2311.15,37173.53,1362.33,4016.37,4165.07,3836.06,4586.96,1663.92,18036.78,43821.46
2727.27,43608.51,10218.12,10218.12,19036.47,7857.03,10218.12,10218.12,10218.12,13838.35
2825.72,18190.35,29761.79,4910.59,5092.4,47885.67,5608.22,2034.38,40992.15,10794.61
2838.38,1410.41,18242.27,2554.6,36165.51,15587.03,19105.06,270.89,5633.03,884.24
38623.32,7445.31,37019.62,123.5,36030.74,8103.27,17023.29,13564.84,4105.76,37696.59
42461.46,44232.18,14861.74,28763.8,35733.51,43086.26,30991.19,28165.47,25311.4,45557.71
14680.94,24020.08,43053.84,12529.51,41935.5,11923.94,22848.5,9134.34,46823.09,15995.81
14680.94,24020.08,4218.82,6406.62,15018.9,33655.34,18989.99,9134.34,27309.16,15995.81
43004.43,43004.43,43004.43,2536.64,11235.55,23389.85,43004.43,2281.95,35679.21,37986.44
1171.79,22855.83,1061.43,8707.29,15940.1,14955.3,25175.56,45770.73,3257.58,19501.68
35747.21,6507.54,23678.68,19369.71,47937.73,22633.79,4732.88,742.51,4112.55,11883.45
22215.57,16202.1,33746.3,4966.96,10088.98,48224.49,13241.94,39215.72,49272.47,2895.02
14835.72,11270.4,8594.17,46940.56,48545.9,624.55,13154.5,45608.09,3088.75,1947.62
21346.74,8432.7,11949.84,49335.41,12796.69,3153.47,12177.14,3342.32,28477.42,24303.69
48022.11,47901.98,23787.01,37244.28,38510.45,31920.35,28995.26,1094.92,16802.46,27321.7
40776.24,30074.3,15856.78,29764.1,36628.01,38351.5,29471.95,48844.02,37784.56,46670.91
2721.88,44245.82,32241.64,2449.75,7886.14,26959.25,18320.92,18088.17,5401.83,847.95
47740.11,27348.95,26988.59,31428.49,33954.41,44897.0,40327.26,49172.89,21194.29,11759.1
31716.04,29268.67,34225.82,36663.92,31716.04,43681.27,31716.04,20468.86,31716.04,31716.04
4743.18,16288.36,16288.36,48306.18,16288.36,40479.58,16288.36,16288.36,17299.65,33143.21
16432.69,12416.34,45732.01,148.1,16432.69,32690.76,16432.69,16432.69,29345.09,16432.69
27311.67,14801.24,1176.0,22308.01,21397.91,22313.59,2568.45,48583.12,14268.53,171.83
19799.1,16116.92,3847.67,12065.83,14398.32,7055.2,7089.22,11400.8,40154.61,36329.96
5181.55,11949.29,10218.12,10218.12,45564.37,37276.74,10218.12,10218.12,10218.12,1893.97
43918.59,25557.22,42665.55,11882.0,25171.08,44411.46,41733.05,8905.6,8626.06,32036.41
7549.06,34145.48,15399.78,23118.3,23201.13,31098.17,33296.12,48875.6,6803.9,30412.01
22336.34,10958.51,12046.93,36332.01,9381.75,29074.48,10344.43,6902.05,12165.33,196.09
39638.99,15479.47,41318.96,37047.43,41318.96,10440.61,41318.96,41318.96,16344.31,11269.69
32394.66,18605.36,19488.26,10933.22,23215.85,28879.02,32921.82,40823.85,38424.4,38818.54
44605.01,24503.27,14664.16,44605.01,30634.28,15124.78,44605.01,44605.01,38791.27,44605.01
43061.23,4963.25,10661.93,28189.71,3878.53,10674.92,38854.18,41649.22,12970.38,13073.92
43004.43,43004.43,43004.43,17804.64,23199.97,9242.98,43004.43,11045.91,16191.57,38617.03
37888.76,46792.07,11322.57,33022.96,44501.82,16379.37,31196.96,48763.19,31761.7,15717.79
5412.74,5412.74,6289.08,46167.65,5412.74,12348.91,7777.55,5412.74,5412.74,8467.08
43810.45,20035.3,41261.09,17690.07,15432.41,29947.02,29277.71,6659.44,21024.02,48723.51
2348.74,24270.7,33254.71,48702.92,10595.91,49443.27,45751.88,7449.74,1436.72,15853.94
22215.57,37362.34,11140.62,21661.12,22388.04,48224.49,13241.94,12268.81,3046.21,2895.02
13061.77,7261.4,7261.4,38614.52,7261.4,13193.94,7261.4,7261.4,43038.91,17312.26
2497.14,2497.14,43770.88,11393.83,2497.14,17244.43,34964.57,2497.14,2497.14,47454.96
48032.29,27111.85,22774.7,2242.72,26941.88,44628.28,38354.06,8406.72,15726.99,28077.01
18522.68,24580.19,45777.12,29114.99,8072.38,16418.43,25285.47,1274.85,25047.6,35647.51
25354.31,17263.82,8914.9,5674.78,2291.56,13516.93,22299.09,11713.3,25302.35,22135.35
11830.68,31114.76,45982.02,37659.17,40765.13,36774.99,33973.54,5905.17,17099.97,37444.96
48022.11,19706.45,15647.07,20224.1,44333.2,31920.35,19153.78,29518.52,16802.46,27321.7
6960.94,1775.65,1386.35,39603.18,35086.07,32127.64,26673.29,19631.78,6823.15,31875.45
1255.11,12195.47,12746.84,41925.52,3874.03,10150.12,27019.06,34063.48,10435.93,36041.93
28307.95,41921.03,41933.24,29041.09,15117.0,39028.11,21545.01,33280.48,2406.62,14737.79
1813.36,8350.97,47000.23,36622.11,28916.19,38373.87,13346.74,29507.9,26052.08,26672.36
21422.37,46615.03,2121.86,18616.34,42598.33,25271.15,39391.24,24840.05,17090.92,14313.26
13223.52,26652.38,42849.32,42269.4,30504.65,28613.09,331.09,20099.2,47036.22,33165.85
5311.27,46918.96,46918.96,40699.33,5311.27,5311.27,46918.96,46918.96,5311.27,5311.27
5283.2,20849.17,37087.7,9181.26,9521.18,13763.61,10485.6,3803.66,46363.0,28609.63
11773.2,11773.2,29032.75,48771.64,11773.2,23012.34,43060.57,11773.2,11773.2,29752.5
12993.59,46341.66,29956.02,12993.59,2418.1,31062.81,12993.59,12993.59,474.43,12993.59
4455.57,11826.85,10992.25,17035.99,4455.57,4455.57,33407.31,45069.77,4455.57,4455.57
8126.11,20834.86,27869.47,33158.7,14476.48,17826.33,22221.94,31510.48,3653.15,38336.24
12140.67,16269.39,16201.23,4689.34,25572.07,16201.23,16201.23,25835.2,8345.79,16201.23
29067.95,13538.31,43269.94,18360.56,30397.12,12389.23,38104.02,16113.84,1497.84,12052.04
15210.79,8870.14,46416.34,6156.42,30740.15,20266.29,3689.83,15379.24,20498.12,246.86
2382.34,25382.13,8257.16,4140.09,4293.37,4863.19,4728.26,1715.18,4783.25,45853.03
39904.74,12388.51,43716.18,29764.1,36628.01,2522.21,45392.64,48844.02,37784.56,46670.91
22215.57,39751.17,8026.09,43300.59,3941.53,48224.49,13241.94,24202.83,12015.12,2895.02
18139.63,5395.28,5395.28,38397.16,14231.37,26174.96,5395.28,5395.28,42977.17,16419.45
7408.01,36185.2,11604.82,46951.57,47269.19,8303.84,6211.47,34627.73,6086.06,10214.1
4754.14,9576.34,30563.78,4278.84,39073.96,49841.53,32000.06,10511.44,9435.05,1481.07
26151.54,28091.9,44101.38,16708.5,14724.98,39595.19,28621.52,15332.23,15051.02,13381.36
9203.56,8994.11,25894.74,1328.49,9203.56,33373.71,9203.56,9203.56,25000.81,9203.56
20573.1,35411.57,27002.88,45567.52,48299.97,1962.35,43440.77,33777.97,9704.83,6119.41
2672.41,6619.66,37843.33,48456.5,2672.41,2672.41,28916.98,4403.67,2672.41,2672.41
43004.43,43004.43,43004.43,34269.12,32141.34,36044.01,43004.43,36379.28,16815.63,8226.48
36335.24,28449.27,6410.72,9471.51,28211.88,7001.84,1670.02,33983.94,12445.02,33030.16
13182.26,36698.21,6314.69,47721.84,22913.93,22184.66,18689.77,5922.73,317.51,37348.68
8273.66,3023.32,46104.85,854.35,7568.21,16848.02,10158.18,24177.55,45218.83,10576.89
9534.91,39949.49,48186.79,40104.01,31925.75,33296.36,3832.14,29569.46,21288.7,256.38
16221.17,42575.56,16221.17,16221.17,15004.81,16221.17,16221.17,41589.64,35185.51,12878.11
42389.69,5648.01,33679.81,8501.59,18230.08,46591.63,21017.41,22209.84,9121.64,18917.62
3853.95,13581.04,3853.95,3853.95,19031.64,3853.95,3853.95,8510.54,1145.38,44584.45
41806.96,17489.93,30373.47,42009.07,48510.44,3531.39,43375.03,25855.34,32776.15,23286.98
2076.52,29431.19,12531.15,3608.62,3742.22,30141.07,4121.28,1495.0,42711.55,7083.67
10170.79,33917.88,19316.19,46109.56,19316.19,19297.18,19316.19,19316.19,38339.92,26795.86
43004.43,43004.43,43004.43,9683.7,24610.6,33246.43,43004.43,20848.41,37194.42,21940.11
31716.04,31631.24,38119.18,17432.64,31716.04,25760.66,31716.04,42148.93,31716.04,31716.04
43004.43,43004.43,43004.43,6706.64,31053.37,5601.55,43004.43,1176.99,34002.87,5259.02
344.04,4746.87,46848.21,10250.89,21091.32,11162.07,5634.25,12429.22,43160.21,27742.01
11559.48,15327.55,44087.21,22923.74,9524.42,22768.19,3578.14,24776.93,45972.48,15455.61
4479.44,21898.54,21898.54,23298.69,21898.54,20101.7,21898.54,21898.54,10752.91,17409.41
12392.54,22244.02,26054.79,46177.45,15074.7,26054.79,26054.79,45750.59,32027.7,26054.79
25753.22,13338.27,23819.31,24809.45,14479.89,558.07,25908.67,12050.47,30989.59,41020.5
44813.19,42170.41,38825.22,19550.57,27380.98,42209.46,39274.5,32694.39,18852.78,33706.91
454.55,20633.12,6530.6,27860.25,454.55,454.55,40215.28,39448.96,454.55,454.55
11830.68,47338.66,32741.32,37659.17,40765.13,38501.88,42309.55,11209.31,20110.33,37444.96
3152.45,16977.27,7695.19,2837.27,43997.49,15764.59,21219.06,7673.24,6256.33,982.09
6903.52,19176.61,34257.61,11949.64,44215.5,19294.36,1969.04,6974.6,23892.67,13890.39
30744.9,38105.2,31116.04,19107.5,16944.67,21092.46,42106.55,21021.73,9794.73,31772.17
38221.57,10270.9,27353.13,34086.19,46877.92,42749.78,35516.88,15990.27,41102.06,44131.06
44710.77,4946.38,35629.02,28317.61,4946.38,4946.38,45667.33,4946.38,22064.82,4946.38
13410.48,42577.92,30470.41,21768.73,7184.77,48425.72,6287.38,46482.97,7863.08,39099.07
6719.13,8419.79,39985.73,6719.13,41850.79,49586.49,6719.13,6719.13,37347.91,6719.13
21279.62,4527.87,31619.45,18683.71,14155.4,44322.89,1699.11,31417.47,9439.09,113.67
31716.04,38673.59,6916.61,37093.8,31716.04,32667.48,31716.04,26732.34,31716.04,31716.04
4325.82,13263.39,15258.21,10876.6,22787.27,28443.05,20215.57,36426.91,9689.54,17076.5
46180.06,47418.63,40369.16,36310.15,17373.85,33442.2,12332.27,35074.1,33973.17,21195.96
3731.73,31148.17,35349.73,6485.08,6725.18,30357.28,7406.39,2686.67,4724.82,42156.18
37512.23,45811.44,29392.48,38696.16,42047.66,8531.24,28059.32,26054.23,1181.22,39168.4
1211.52,12932.16,5784.35,15068.08,35360.73,20464.77,42295.87,45273.01,18503.19,48420.57
6706.25,41945.95,32677.81,41427.38,34164.73,31896.37,19968.14,26045.17,36183.76,27280.36
11830.68,44208.54,23988.81,37659.17,40765.13,23743.28,40532.97,35340.22,1270.14,37444.96
19839.94,4192.11,38368.39,9803.45,14506.12,6492.3,33371.85,49323.22,22111.66,1077.22
23657.33,8511.48,33719.18,9674.05,5624.53,32579.13,43788.59,7113.41,43868.6,13385.75
46132.44,20720.54,35419.39,10662.15,17898.91,6748.95,5899.62,44741.78,6437.32,41091.49
37551.44,20253.54,18311.8,28987.64,42731.57,13375.12,44464.31,9450.38,40041.29,27382.82
11055.88,48617.57,15699.04,31479.63,43255.35,30956.67,36566.61,42937.6,49781.86,29953.58
22172.52,35851.59,29600.02,7662.88,17579.1,41185.05,10781.06,48275.61,49742.48,7380.11
35741.57,28581.54,5953.51,29189.96,38886.06,43583.18,31279.28,38651.79,20977.57,17589.8
26935.06,6740.96,10218.12,10218.12,45553.03,13803.09,10218.12,10218.12,10218.12,10282.77
19839.94,6983.63,49567.44,15961.02,14506.12,6492.3,14660.27,48763.61,22111.66,1077.22
45469.32,38843.87,7885.89,11930.98,22742.02,25248.29,17117.15,16800.9,3690.71,38413.34
48022.11,34496.8,12229.79,9138.61,33690.99,31920.35,35008.36,29944.39,16802.46,27321.7
31217.71,16825.88,5524.28,28381.89,5612.94,34123.91,48117.02,8732.31,33555.49,18717.38
33008.92,6904.43,4224.1,12185.34,39311.95,49338.45,30458.92,41929.19,12013.89,37010.95
5440.8,34633.41,5440.8,5440.8,9539.9,5440.8,5440.8,46827.7,15822.24,16687.34
37555.9,41909.9,32791.15,16079.74,38942.91,8331.56,41641.78,36526.55,18516.65,15821.59
4193.05,19128.24,7448.46,12601.24,49272.87,35641.71,6218.33,27935.74,44951.58,40786.55
1221.43,44910.25,20907.53,42857.06,6723.79,20907.53,20907.53,8735.29,19226.89,20907.53
6930.11,15696.93,16396.16,13803.33,36433.86,151.1,10579.39,17273.66,38091.56,20061.66
26539.53,30501.02,30501.02,19893.47,39430.48,3492.15,30501.02,30501.02,21220.02,13695.03
13637.95,30472.95,30130.71,3729.36,9518.52,41692.9,35650.77,12496.58,10802.52,31367.96
24277.33,20549.07,33459.03,509.83,4635.69,17841.85,6034.3,27210.84,47723.54,9709.98
12514.06,47608.99,30447.68,12190.4,7731.54,31624.37,10537.07,845.08,10037.52,33169.37
44032.39,27728.87,1302.78,36659.28,25302.48,41987.33,38741.38,25683.92,43910.21,37716.59
35410.19,11981.68,19586.53,12392.62,46448.46,6135.7,22.07,20705.21,15938.07,7099.23
28827.12,606.29,2206.06,1804.61,4466.2,13396.02,649.67,14816.82,30268.53,1107.14
6281.77,11167.66,15535.55,48961.7,44358.99,39765.3,15345.23,39256.31,31955.05,14373.96
16229.89,31758.77,1845.76,21615.51,30952.3,7182.61,22206.45,2535.81,47367.51,12276.57
8797.76,14848.61,16975.97,19110.19,42329.22,46824.4,41452.57,20861.0,25228.17,23149.04
22186.41,1816.02,3931.84,1852.02,17827.46,37165.84,31066.87,3271.1,26878.6,9161.67
19294.28,35785.95,16681.4,25425.14,5897.01,47660.63,24278.55,2926.5,17974.13,24275.34
4970.02,21026.03,13498.63,14168.28,4970.02,4970.02,3160.53,15677.98,4970.02,4970.02
21565.38,37706.44,11317.94,560.73,20107.49,20809.25,42960.19,33199.25,20962.56,38944.06
22671.95,22815.33,7928.37,14511.19,23329.21,30627.37,15966.59,6715.21,42930.29,48996.41
1817.75,41875.94,42938.71,35348.57,14884.15,12712.22,45151.16,31667.58,44138.51,16277.03
18024.53,29804.21,25488.78,43628.49,1687.43,41866.82,26894.61,15159.57,14548.81,42170.67
5027.42,34618.32,14584.64,47969.96,5027.42,5027.42,24031.56,18854.61,5027.42,5027.42
13638.11,27467.94,40118.04,47387.53,29742.55,37504.33,30746.04,6459.14,34222.14,37221.98
21848.86,35513.29,23958.94,24194.77,42264.34,40432.29,42386.33,11610.07,26398.12,41514.39
1806.25,42963.22,9236.16,25440.81,37469.63,37034.96,49775.58,207.48,35435.03,572.31
29728.6,15781.68,14461.98,669.87,2023.64,27889.16,34431.62,16837.58,29235.91,36079.73
41374.83,20975.47,28178.66,35933.24,38476.97,47949.19,25389.35,10020.29,18484.7,21367.86
49954.92,38299.97,11191.16,872.1,49954.92,49890.44,49954.92,49954.92,3488.95,49954.92
4268.85,10155.97,39022.79,24823.59,13712.29,34872.39,33705.86,37043.39,49535.97,7583.91
22768.28,21425.31,18003.2,17218.59,18370.81,25343.75,19296.97,18721.79,45207.67,34713.12
12675.62,1095.14,31970.24,12347.79,36390.98,32096.0,10673.11,855.99,10167.11,9914.67
10932.91,11625.68,45513.57,45272.53,36810.9,45100.53,1618.36,38433.12,32866.34,25877.49
3312.64,22699.92,17806.74,15257.09,40856.29,33868.31,23658.24,1083.82,18188.01,43363.34
36261.74,25551.19,21346.65,31109.51,36261.74,19087.83,36261.74,36261.74,22052.34,36261.74
4691.27,11646.4,8890.82,5636.62,8890.82,18977.87,8890.82,8890.82,37722.05,48468.68
25170.59,2688.06,20807.05,22950.49,2688.06,2688.06,26353.59,2688.06,2171.59,2688.06
44660.84,2721.02,25540.85,49569.44,42762.54,17578.65,20147.36,17021.75,15847.78,37280.27
45650.11,35295.77,27900.8,29764.1,36628.01,49934.79,34995.17,48844.02,37784.56,46670.91
18454.39,41215.02,30042.71,29764.1,36628.01,18267.57,21981.13,48844.02,37784.56,46670.91
22018.91,44290.41,6346.53,4247.77,23185.28,1793.63,5345.68,9567.18,23469.83,49777.04
6701.22,37661.72,6701.22,6701.22,24249.73,6701.22,6701.22,21983.72,31038.8,27654.07
14680.94,24020.08,43134.96,26955.29,35661.42,33646.11,6715.52,9134.34,17544.22,15995.81
41634.9,18537.61,27328.82,544.51,27643.03,7394.93,35531.26,42422.32,42484.0,40637.72
49690.39,14328.72,27082.6,30838.27,6805.71,8352.58,47645.71,26976.06,9181.72,29501.15
25637.97,43070.78,30458.84,36893.12,22569.52,3574.74,27064.37,26089.48,33705.3,6874.25
25179.14,6054.9,39881.54,3442.25,17799.54,5716.64,16246.12,26831.58,1993.25,32035.15
43004.43,43004.43,43004.43,44955.29,17198.32,35558.15,43004.43,13315.82,3622.53,48870.59
27592.68,29522.38,33453.56,35577.66,39110.67,11347.85,27262.2,11491.95,7976.32,30705.23
6259.95,3926.01,15433.18,26933.35,12577.76,30730.5,7488.47,42523.54,30829.12,15623.88
14680.94,24020.08,31623.34,18305.29,2680.94,297.51,44146.55,9134.34,23490.02,15995.81
22671.95,22815.33,7928.37,18290.78,16004.17,16369.7,14399.88,6715.21,42930.29,45276.01
22215.57,241.13,48187.17,8618.24,10503.76,48224.49,13241.94,6575.4,10294.55,2895.02
18112.51,28478.61,32877.03,29917.88,32657.95,13056.69,12632.44,40239.2,6388.67,12255.04
1634.0,23766.98,11851.99,33168.77,16129.92,38420.11,42998.06,45502.03,3038.57,29515.9
4705.34,32687.38,4705.34,4705.34,6818.34,4705.34,4705.34,38789.9,14413.14,38392.55
41304.14,49627.16,27468.3,42928.81,25923.43,32834.7,18159.86,42579.54,22168.75,17689.15
10734.84,32790.6,12268.04,1216.58,38390.0,26024.72,47845.83,21534.41,18679.28,29350.99
38523.6,11222.81,13092.68,45271.3,17698.8,45373.93,32850.26,47122.0,19865.16,12314.16
20313.27,38217.9,30600.45,16633.66,14279.81,27200.18,45871.0,93.17,19173.16,21859.87
41090.26,2538.86,9238.03,7556.92,18702.49,49715.26,24090.7,41449.88,81.63,4636.22
47681.8,26100.24,38372.07,23237.4,19600.09,17651.11,1528.38,6526.09,37844.03,14427.54
31016.05,46384.11,30179.63,20247.25,33503.3,6203.56,17868.57,11214.78,48669.91,21713.31
22215.57,31939.5,24176.04,13890.06,3720.6,48224.49,13241.94,33371.98,11277.83,2895.02
22082.2,43498.15,43498.15,35115.01,15810.88,16320.3,43498.15,43498.15,14108.22,828.3
4941.24,21042.06,31274.63,36952.93,48266.13,27501.21,14919.01,43206.42,36529.27,41965.92
2207.67,43845.2,21634.67,5165.81,2207.67,26937.07,2207.67,2207.67,30184.96,2207.67
4193.48,45404.3,42108.68,38255.96,32206.28,26962.38,2405.2,994.03,23379.24,25105.93
24782.42,36802.6,2132.21,7442.03,5572.42,38699.98,2736.71,43245.22,29554.52,15691.6
10644.26,23608.98,38852.59,40614.0,10644.26,535.65,10644.26,10644.26,8656.14,10644.26
32123.78,25878.53,42040.12,4332.99,7268.68,26321.16,19956.21,39580.46,45745.77,19053.67
11830.68,33631.69,33631.69,37659.17,40765.13,12565.96,33631.69,33631.69,41923.9,37444.96
6531.76,45030.38,32955.57,37169.65,27870.12,24852.41,22181.92,20673.38,33706.35,13354.69
48022.11,42456.96,42973.92,26354.83,14327.78,31920.35,38886.36,46953.87,16802.46,27321.7
41952.34,8484.91,21426.89,14283.55,34261.87,27467.56,26831.53,16396.38,36337.77,18809.32
18473.0,29718.99,47397.7,2246.4,47754.37,27666.94,12610.67,8003.17,25153.67,14174.05
6631.26,49233.57,6308.9,10065.97,2596.56,47492.76,16151.36,39845.78,20329.5,21223.59
1473.19,15334.71,14157.9,4673.4,49169.28,33343.07,36879.95,17859.74,2786.75,20441.3
18552.34,29818.99,45410.5,14385.25,43900.0,12312.23,37460.68,2507.07,27271.45,42189.69
24831.1,23177.76,15163.4,7707.37,22385.19,15163.4,15163.4,10675.1,41519.71,15163.4
20475.51,26674.74,3896.12,44567.58,4090.41,43553.4,33160.97,27153.23,49418.69,29458.07
4093.46,8961.66,39745.07,15304.06,23182.38,47364.84,33761.97,1142.45,23258.56,22585.27
9864.93,30352.91,40815.73,5537.88,30016.05,47908.31,25501.6,241.34,43792.4,44068.65
40585.08,25555.1,1936.56,46268.55,34717.15,45836.1,15672.49,1265.0,7418.25,23352.13
20370.25,1572.95,36096.68,49163.84,15217.74,49175.4,9228.67,40558.8,16074.14,22078.49
10344.79,44705.5,36828.46,29764.1,36628.01,35719.06,44986.65,48844.02,37784.56,46670.91
15414.85,28102.53,28277.16,12317.02,28629.62,7587.99,33842.11,47727.79,4452.22,27528.48
32682.92,45860.2,1641.55,43598.58,37946.42,1641.55,1641.55,8924.28,47538.57,1641.55
32692.51,6648.1,32779.1,37871.98,16444.91,23354.67,46747.41,24919.12,19257.58,45155.26
4699.71,4699.71,35476.83,38704.99,4699.71,41635.21,46134.33,4699.71,4699.71,27245.92
1596.21,41462.27,45638.6,44879.47,5331.28,20358.33,15929.87,16588.11,17695.36,15721.81
46695.83,21024.02,16622.88,32675.4,27731.38,25148.92,11746.19,19570.17,30384.54,24123.07
19839.94,25061.71,41124.36,11473.73,14506.12,6492.3,39451.27,45876.84,22111.66,1077.22
48022.11,9850.53,18594.55,31819.01,31400.2,31920.35,48261.63,2876.63,16802.46,27321.7
21625.61,46222.69,13719.17,16149.9,19964.98,35744.21,41864.83,45828.64,28545.7,37130.81
11022.89,1916.65,29404.19,28399.16,9658.82,45284.27,33792.6,27791.17,19436.39,7299.85
24103.87,12946.7,3575.61,11523.41,24103.87,36028.51,24103.87,24103.87,26991.78,24103.87
11830.68,43794.31,42196.63,37659.17,40765.13,33977.79,18366.93,16310.74,20123.07,37444.96
2030.51,37886.24,230.92,2704.3,37167.39,44836.65,2778.23,317.25,22116.27,38685.44
4309.07,7249.47,32814.34,35218.97,32814.34,27504.47,32814.34,32814.34,5453.13,28995.32
49163.09,15833.04,33073.94,25911.05,9945.69,22968.41,28765.19,9686.22,12139.12,21749.97
1413.18,36643.26,48917.1,29452.93,5246.61,1435.93,12582.11,48116.94,28967.07,16914.76
42485.31,45737.25,8445.97,38216.16,21749.64,44758.89,5021.21,46288.82,41563.19,34389.91
32809.32,582.11,10092.84,35998.76,19018.19,11858.42,11478.49,11250.64,24670.0,48319.16
43029.06,38314.16,20955.81,40100.79,46149.92,24002.48,40847.71,36269.54,15468.5,43662.6
14637.64,40542.0,25534.46,75.64,38349.07,33282.97,49600.45,21113.23,8751.38,29401.0
30935.05,18285.84,2112.36,21531.18,28983.46,10426.46,21071.58,10583.0,5555.91,4264.33
10362.94,17938.95,1178.53,13801.7,28799.79,10052.87,14179.02,1619.14,24444.95,16579.14
22215.57,23833.37,5107.73,6379.48,28528.71,48224.49,13241.94,24970.56,31996.94,2895.02
16416.34,6166.34,6166.34,19353.69,6166.34,5356.13,6166.34,6166.34,3772.76,11146.61
43787.42,26104.17,17663.7,26657.89,16908.12,48732.48,41501.57,356.38,6771.56,28402.08
44428.33,4963.55,3784.93,8451.62,15351.05,275.06,19034.33,47957.25,1360.3,857.74
38893.08,13580.66,33868.99,29764.1,36628.01,36717.2,27570.29,48844.02,37784.56,46670.91
5653.46,5653.46,29230.93,10147.09,5653.46,2195.06,12905.9,5653.46,5653.46,33159.29
368.29,2002.78,5887.31,41191.14,2002.78,2002.78,22709.9,2002.78,24779.32,2002.78
7219.08,4576.98,34884.65,1198.49,7219.08,18289.78,7219.08,7219.08,47408.11,7219.08
2313.86,2262.86,25811.14,18855.23,18424.41,1657.3,12543.5,937.2,39267.99,46912.94
2913.46,5461.08,5461.08,13717.59,5461.08,31738.02,5461.08,5461.08,40876.89,44267.83
20215.62,18394.12,24162.26,19692.78,21205.55,3273.66,17021.93,1365.17,16214.94,20405.36
22671.95,22815.33,7928.37,36199.59,27808.68,8321.65,8623.86,6715.21,42930.29,43973.04
40991.22,4745.03,43349.32,20498.27,4745.03,4745.03,10182.43,4745.03,30487.15,4745.03
15022.93,4012.26,40204.31,21702.13,15319.97,583.6,47666.98,24848.57,22376.43,2631.42
22849.36,45252.28,45038.54,19182.04,19948.73,31178.51,20851.15,40801.68,24905.74,42008.12
48022.11,16561.07,29738.55,18467.29,11971.3,31920.35,37528.2,33616.41,16802.46,27321.7
48540.45,36948.35,39821.4,47285.03,21848.37,26036.43,40871.97,3277.95,38934.26,20997.21
10759.98,45090.68,35653.83,204.0,34544.93,21201.06,31760.13,3872.84,39660.96,31137.33
4863.23,32373.19,31349.16,4377.02,49825.65,5139.64,32734.34,39622.03,9651.55,1515.05
22619.47,39025.33,40094.91,26875.35,24758.3,21411.35,10608.74,14887.11,30869.06,39810.11
14680.94,24020.08,29463.9,18975.06,40788.61,13142.53,11597.87,9134.34,25401.68,15995.81
36732.48,18253.59,48414.77,14558.6,48530.4,43154.36,3292.86,25392.53,36457.68,31980.44
22690.65,12626.71,249.04,16240.26,22572.92,30544.53,2336.83,32126.66,35727.67,47982.83
31716.04,12035.35,40917.37,7664.7,31716.04,36576.18,31716.04,16420.33,31716.04,31716.04
44888.57,25391.47,25903.87,30851.25,28613.28,23634.29,11924.32,30043.84,32693.84,33424.46
27381.96,30681.68,12866.52,28179.06,48095.49,7050.66,47150.54,764.04,1847.8,23895.25
25773.0,16658.73,10218.12,10218.12,3016.28,46726.82,10218.12,10218.12,10218.12,15964.39
3877.46,16724.4,17175.78,6738.33,6987.81,21121.2,7695.62,2791.59,46432.66,28227.94
29525.05,8347.97,38644.1,29525.05,28467.69,8948.26,29525.05,29525.05,4293.29,29525.05
8985.47,37080.75,29859.64,42822.36,44766.96,42532.42,12810.74,16884.94,31130.29,9480.5
1573.39,14607.37,4971.2,9465.04,16478.64,45425.03,5923.65,35698.57,19689.2,9652.75
43996.49,38323.79,40874.59,20437.4,49104.37,47146.82,8932.06,48213.24,2440.97,13042.88
33737.95,254.29,42973.2,3897.85,11662.2,19083.81,32709.92,48028.07,19857.05,14437.63
13232.17,44677.56,19825.26,30282.67,21727.98,45995.39,1110.49,13467.31,14852.7,49760.7
97.8,49675.66,28930.43,18201.72,46801.41,21515.73,37025.28,13414.1,11686.71,38672.62
30795.56,5498.6,3303.26,14074.37,5498.6,5498.6,10599.25,5498.6,17622.51,5498.6
8256.17,20856.46,11482.37,47825.5,2361.75,15530.79,35612.75,29809.07,40230.35,44666.03
47603.71,42704.79,10143.93,47036.4,21825.72,8904.44,30552.54,1398.91,44817.95,15164.0
31857.09,8168.88,7917.1,23176.02,9873.15,18132.79,25029.11,13327.18,16760.62,32909.9
2367.99,2367.99,1768.49,35840.32,2367.99,1768.49,1768.49,2367.99,2367.99,1768.49
32262.53,47157.36,47157.36,8929.56,20932.3,5350.23,47157.36,47157.36,49745.89,45018.72
18049.23,36398.49,29774.17,18299.28,49987.95,8536.06,36531.85,47920.86,44259.37,20768.9
17634.08,46876.35,44222.85,29764.1,36628.01,34875.89,17857.72,48844.02,37784.56,46670.91
16404.24,11637.94,27109.62,15979.97,38833.15,37077.07,13812.68,1107.78,13157.83,16550.38
6881.21,26927.8,38974.15,20387.91,16753.32,15820.31,39747.22,30804.02,19814.49,17417.33
43004.43,43004.43,43004.43,25193.88,39587.15,12377.25,43004.43,22595.62,10037.54,35107.51
40927.46,45159.08,12864.0,27138.79,3139.83,22340.56,47236.4,41738.15,9042.2,105.97
49530.93,15068.18,16148.08,18171.12,12910.18,49471.54,46440.7,34910.67,9670.11,7142.63
37216.66,3628.03,13201.15,10798.85,26725.87,4469.08,14133.87,12990.6,45127.66,6625.17
29928.54,10133.89,17642.3,9910.16,26722.23,4340.73,45721.71,37781.98,45189.35,39187.98
43945.3,37563.39,3970.32,1251.18,4159.05,25628.42,21836.07,22969.01,44912.41,3703.69
30671.64,6939.9,45610.63,8868.56,6939.9,6939.9,32103.93,6939.9,9012.84,6939.9
300.45,14140.69,5461.49,43017.49,300.45,300.45,22905.75,4805.7,300.45,300.45
22215.57,19966.08,18839.34,37965.27,47407.25,48224.49,13241.94,12339.69,24482.75,2895.02
32921.13,11709.62,17712.68,16760.41,13808.99,4855.73,21386.09,29478.69,26011.27,11030.75
4172.56,45392.44,32905.63,31178.06,16268.29,43573.62,36113.85,24985.98,9631.96,24494.91
43004.43,43004.43,43004.43,20067.06,24222.38,15252.7,43004.43,6149.77,40403.71,47834.09
19839.94,16418.34,18814.31,29197.35,14506.12,6492.3,45156.67,35090.95,22111.66,1077.22
28469.95,33556.1,19457.66,45025.09,7461.24,31563.59,46003.26,37799.0,16509.18,34289.47
22098.51,32818.35,12722.22,15128.08,13559.07,45987.72,11135.41,34762.84,39835.41,9310.99
29791.55,33428.21,3766.24,5646.67,29791.55,27331.17,29791.55,29791.55,33380.83,29791.55
21892.93,32352.44,27370.5,36163.02,26171.05,2912.86,27827.23,38854.76,48722.59,8102.28
44602.69,13644.14,16969.17,19750.91,32698.17,9284.64,3777.34,14078.35,18584.2,29081.1
2542.35,1459.99,43656.2,35810.41,2542.35,2542.35,10529.62,39666.26,2542.35,2542.35
22671.95,22815.33,7928.37,23821.79,47038.42,46533.96,4573.45,6715.21,42930.29,43098.09
38490.58,37524.49,16142.29,12504.13,38490.58,13794.47,38490.58,38490.58,49344.2,38490.58
19793.19,20365.52,930.14,41027.53,930.14,32549.0,930.14,930.14,2515.44,7271.72
4444.63,48278.35,32658.43,21631.2,14599.56,47624.29,35312.68,12972.83,2599.21,16420.6
14680.94,24020.08,36150.43,9600.29,11720.27,4626.23,32624.5,9134.34,34960.25,15995.81
2137.37,1185.03,42934.39,1923.68,30616.03,49934.0,14386.61,48851.56,4241.82,665.86
22594.68,28621.86,24236.97,14137.64,331.04,25906.51,38725.87,18050.24,5949.93,15842.72
37417.78,3670.4,26579.4,44046.46,9837.91,20541.38,37327.37,21266.51,21481.96,44499.38
1295.64,8936.01,18607.95,2251.59,2334.95,15156.54,2571.46,932.8,41349.51,43814.09
19839.94,2341.62,43627.51,10038.82,14506.12,6492.3,12195.06,16199.94,22111.66,1077.22
27530.2,15146.3,10218.12,10218.12,495.85,19800.69,10218.12,10218.12,10218.12,31105.72
8745.3,8745.3,12222.35,30953.56,8745.3,8759.89,40570.76,8745.3,8745.3,3510.52
31716.04,3116.06,17105.62,49022.05,31716.04,49066.27,31716.04,42780.21,31716.04,31716.04
18783.78,38702.49,24766.91,29764.1,36628.01,31392.89,41194.31,48844.02,37784.56,46670.91
30317.92,497.79,14250.08,18488.24,19791.08,14250.08,14250.08,35876.32,41402.39,14250.08
8053.2,11496.15,915.86,10725.52,37179.7,46073.15,11018.75,1258.26,47261.12,48314.16
2234.57,35941.4,22182.3,3883.29,4027.06,27822.05,4434.97,1608.79,31385.28,11268.04
19839.94,46327.73,34127.32,14796.83,14506.12,6492.3,2662.27,45413.46,22111.66,1077.22
22518.29,28422.61,10277.67,4086.87,37186.07,20664.13,8782.88,27571.94,40127.08,25012.98
17952.34,44541.57,33815.55,31989.03,9428.62,5130.38,36059.58,47923.06,47435.88,27306.02
13232.61,42879.05,38797.92,11480.07,35183.15,27624.46,39773.73,42506.8,21198.9,26728.17
22671.95,22815.33,7928.37,36046.04,14271.79,33377.14,32683.62,6715.21,42930.29,15073.56
38918.28,37939.21,20369.48,9663.76,39953.3,41205.26,21745.15,12549.67,47150.78,45153.64
43492.03,31688.16,32012.94,29718.96,38103.49,11625.67,13465.31,13281.91,45801.98,43174.33
9478.74,23168.54,24393.8,9478.74,240.77,33632.53,9478.74,9478.74,35460.76,9478.74
8378.34,13461.11,27269.27,20016.86,47432.52,15259.37,13020.05,2259.81,8352.91,13186.67
10719.54,19583.25,9280.2,34969.84,5508.83,18714.85,17318.03,39151.63,19952.43,29452.46
48738.9,45175.94,9210.9,46461.04,8286.96,37621.13,45990.88,10377.08,3783.81,25252.75
20723.06,27636.26,37625.77,461.35,17955.09,9142.44,38884.65,24496.42,12222.61,9371.97
44983.48,39993.31,21275.66,41792.06,10406.75,47245.89,1620.91,37150.21,43629.59,41286.58
7210.57,41364.31,4533.81,6489.68,16512.36,28556.78,48534.25,19427.84,14310.07,2246.32
7120.63,22355.8,31654.79,510.09,27525.03,26668.25,32831.48,28198.98,22836.05,10201.11
2908.24,10297.05,14028.18,16519.38,2908.24,2908.24,38659.2,10533.29,2908.24,2908.24
24288.31,23448.32,36270.46,7367.1,3891.2,20473.77,22655.13,9344.61,47214.01,2143.38
1463.76,24353.66,47677.6,2208.69,1463.76,1463.76,25430.81,5793.38,1463.76,1463.76
4358.91,9499.5,46431.65,33715.52,2350.88,37372.58,37691.36,23776.11,31200.72,27285.66
22215.57,28406.35,5695.24,16897.63,9373.03,48224.49,13241.94,11159.63,45127.62,2895.02
12582.32,9888.58,15933.62,39604.58,39688.16,2894.14,45834.28,20379.58,30371.23,712.01
17984.4,5109.5,44926.93,5286.0,32580.39,21632.47,28680.22,33272.14,5174.47,32586.76
7893.17,4862.33,3707.74,47627.63,33542.74,269.45,27165.89,37319.15,1332.56,840.25
45510.6,6336.36,33631.22,11230.28,33631.22,21395.44,33631.22,33631.22,45112.23,40587.91
11830.68,38569.88,4058.83,37659.17,40765.13,47199.25,11343.99,11486.65,26734.71,37444.96
2263.79,15807.15,46214.25,22849.44,13353.83,12006.52,23338.28,2110.14,32709.51,31581.34
31369.06,20040.92,2071.21,31369.06,33419.44,42352.24,31369.06,31369.06,4552.28,31369.06
3551.95,36601.97,8194.24,3460.08,35295.84,23182.61,2990.81,239.86,2849.02,9975.31
22204.8,19855.7,42899.75,43944.87,33905.78,5194.39,44892.96,26082.46,459.17,14848.31
13136.56,2802.37,16640.7,35846.75,2802.37,2802.37,14091.75,2802.37,40463.39,2802.37
19863.62,25821.85,38997.97,21383.44,16179.8,15382.43,43163.75,27844.1,20917.66,11541.89
26311.2,5571.92,24655.15,29764.1,36628.01,43167.6,5134.57,48844.02,37784.56,46670.91
132.2,48711.04,47645.57,17614.69,48032.52,27740.48,46432.72,23554.47,17758.48,47671.06
43305.79,5410.87,19688.27,16105.47,39859.11,39864.4,29786.61,2314.89,8735.72,9880.81
38239.65,39234.12,26891.43,49724.04,9555.35,26891.43,26891.43,38222.95,39934.24,26891.43
2343.59,29847.9,28724.99,4072.74,4223.53,35663.35,4651.34,1687.28,47763.44,39170.34
4788.93,40961.44,4348.66,31686.34,13331.77,46504.54,29850.06,42878.07,17206.1,13407.72
32107.75,16189.8,26186.5,1464.02,8736.66,19969.04,2490.81,6869.02,47106.63,32408.3
11966.24,1855.64,32896.8,6448.95,1855.64,1855.64,11856.28,1855.64,22919.04,1855.64
12890.39,46974.46,31547.97,7453.14,14142.55,18481.72,1697.57,18654.13,9430.52,113.57
34949.26,5449.32,16186.92,20026.71,21321.32,17159.35,2903.21,19789.34,28188.29,6447.89
6991.36,6991.36,13682.18,47491.72,6991.36,5279.23,35940.68,6991.36,6991.36,48750.69
5124.33,36729.97,582.77,6824.76,10376.17,31107.43,7011.34,800.64,36866.82,45329.9
22671.95,22815.33,7928.37,31844.54,44776.84,11692.02,9583.86,6715.21,42930.29,24018.43
10670.38,6997.16,5438.5,28384.15,6997.16,6997.16,19772.03,6997.16,4027.38,6997.16
19531.91,46700.81,42637.4,30413.79,24952.3,44987.75,49552.66,30537.46,27704.41,11549.18
46395.21,27045.6,33571.26,25590.33,8307.38,9676.09,29205.77,6812.23,15378.79,30673.46
48022.11,25875.65,21912.42,23781.97,20847.72,31920.35,19388.22,34113.05,16802.46,27321.7
47854.41,30100.19,33714.3,27044.21,31255.84,47450.16,16045.08,25105.77,41769.09,21124.45
19839.94,25352.86,32501.79,4990.03,14506.12,6492.3,27371.95,37014.23,22111.66,1077.22
651.5,27740.57,74.09,867.69,29618.51,37215.2,891.42,101.79,44406.23,38527.71
13933.53,41099.85,24741.23,13573.16,23084.88,25501.31,11732.29,940.93,11176.07,39311.88
47071.88,19145.18,41484.53,16457.33,48541.21,16379.09,2542.07,21303.54,38838.55,2244.95
5726.66,33515.2,39755.93,21750.65,5726.66,5726.66,2609.35,13879.61,5726.66,5726.66
17729.11,33109.29,32223.43,39569.33,47981.79,20222.38,18226.74,24121.33,1773.85,1231.87
351.07,8505.14,351.07,351.07,13603.75,351.07,351.07,10613.23,3958.2,15036.4
22215.57,26912.47,14697.98,42258.88,25717.52,48224.49,13241.94,35383.96,2890.53,2895.02
45952.1,43543.32,26500.81,34326.89,20728.45,12315.16,19940.47,27955.95,30096.39,19543.94
31716.04,48010.96,2531.76,27410.94,31716.04,28913.24,31716.04,30454.74,31716.04,31716.04
31093.6,36548.53,7415.9,40089.76,49965.89,1316.65,46375.48,31813.9,41518.3,6159.68
22471.57,19384.02,19653.56,23049.18,41342.8,44192.01,20485.96,49969.78,15068.79,44100.52
49291.9,22636.62,37224.0,13222.08,5439.58,21865.97,7737.85,18503.2,40249.77,27295.15
1311.87,245.28,32508.02,23996.2,6313.04,6280.83,757.77,40784.0,4209.65,50.7
11830.68,2559.7,13291.22,37659.17,40765.13,7303.22,48224.07,4829.34,26463.78,37444.96
10904.97,2515.32,10065.37,10625.49,9886.62,1283.05,32631.49,23178.06,22576.99,25672.87
12524.25,13211.36,45723.74,13327.69,39688.03,43184.25,28877.54,25403.43,26934.9,16737.23
46411.99,6009.37,48649.57,4440.48,14646.59,992.73,41090.85,32744.5,27264.54,19151.87
7647.3,25119.87,20445.51,5756.35,39791.23,2308.24,35019.35,45785.29,9970.2,29614.58
43951.56,8243.73,1441.46,26019.85,3142.18,33908.75,38148.7,39375.16,34458.77,17308.24
11141.4,26523.09,43113.05,10853.25,13098.03,29972.25,9381.27,752.38,8936.51,24518.0
1046.74,22426.95,30089.35,3957.56,3445.33,17634.98,46643.85,35260.27,43941.04,35063.99
30861.01,13579.41,13579.41,32570.38,13579.41,20489.23,13579.41,13579.41,3159.57,17755.52
27033.33,6680.96,24309.71,19885.91,49215.27,32413.69,40764.08,20617.84,12442.51,12200.14
5165.74,27479.33,46347.21,4649.28,14615.35,17930.46,34770.53,44232.59,10251.91,1609.29
30664.12,30208.48,3267.6,29871.04,7899.16,10446.31,25819.77,2070.76,24595.67,32961.71
48022.11,21350.94,16677.84,36044.57,38973.37,31920.35,11098.8,36147.85,16802.46,27321.7
34688.97,38174.03,6277.26,17910.05,22578.36,8511.02,31045.86,40296.59,20724.09,4131.92
16383.97,6886.3,1863.28,21820.72,29119.08,39661.02,22417.27,2559.89,41854.42,36235.88
39477.93,40826.96,37813.26,29764.1,36628.01,41567.23,23950.51,48844.02,37784.56,46670.91
1317.12,38575.44,43730.1,1185.44,20316.19,4623.77,8865.52,33228.64,2613.95,410.33
11830.68,49784.09,49784.09,37659.17,40765.13,41280.19,49784.09,49784.09,43029.9,37444.96
6865.47,46255.52,10218.12,10218.12,39907.17,23521.74,10218.12,10218.12,10218.12,8197.09
24869.4,17746.37,31034.95,20866.96,44901.13,21359.1,2016.76,46066.39,43702.18,44875.84
36666.85,36815.76,23486.89,11961.34,22844.64,8603.2,22928.08,6952.91,8970.85,49679.74
11830.68,46116.85,44232.86,37659.17,40765.13,43448.16,26582.27,32891.66,2519.14,37444.96
17093.43,5618.66,3275.84,48783.79,5618.66,5618.66,5591.01,5618.66,3849.24,5618.66
49005.52,34873.04,36274.0,32617.95,549.36,29346.85,8400.25,6730.28,12876.01,13968.32
30858.09,27694.51,27694.51,3369.55,39153.17,11593.36,27694.51,27694.51,14015.68,38103.54
20935.97,39019.94,48165.65,4388.46,18969.54,45449.51,12396.98,4862.32,18782.53,5711.48
5209.19,11502.68,15233.77,19442.73,40778.53,30716.66,14831.16,3402.12,24054.63,16980.16
9564.16,35739.36,23810.28,14283.13,15322.86,18990.07,41413.44,8828.45,30971.82,32877.9
21478.75,5334.67,19411.04,15878.68,39297.85,35715.23,40990.91,42494.31,30492.9,9741.68
31377.53,17424.48,6347.42,28968.51,8682.62,29919.47,8995.73,25985.66,46238.43,49782.92
49141.66,10062.61,41259.06,49396.36,24649.57,12561.63,29177.03,8053.27,34132.58,38948.75
10165.07,496.05,42151.62,48663.09,28607.28,22848.89,16696.06,35758.22,37005.72,22497.66
28037.15,4092.04,3298.68,9309.14,34616.26,7477.24,31146.22,21554.22,36054.79,43377.74
45397.16,41703.34,7759.02,3989.93,5553.91,8918.68,48481.92,22195.97,28605.93,33708.34
31716.04,15796.21,28238.88,25540.71,31716.04,45129.54,31716.04,17611.66,31716.04,31716.04
5312.96,21908.26,29169.41,20919.54,29169.41,28166.17,29169.41,29169.41,10449.41,8189.14
1639.71,20273.29,47532.31,1639.71,46216.46,25863.04,1639.71,1639.71,8134.26,1639.71
32320.6,38160.15,43945.26,14342.89,24356.59,6257.62,33570.19,26148.35,6729.82,47832.51
9885.98,15113.38,1124.29,13166.48,41122.59,4484.48,13526.44,1544.62,21332.24,18806.5
44352.72,20010.83,6008.91,44391.14,9206.95,32696.12,18790.99,36794.83,37990.76,25920.71
9385.15,22009.46,27553.23,44444.46,24634.69,47966.43,13902.53,19171.66,28443.8,24798.15
8151.33,8151.33,45230.6,25483.19,8151.33,34043.6,45084.26,8151.33,8151.33,36305.81
34998.63,4013.3,19220.33,48769.26,20036.94,36550.19,36761.3,9121.23,22024.87,26153.83
15442.81,49192.08,10276.88,47803.05,2919.1,30562.89,28820.32,45471.64,41390.16,45113.1
45476.68,41268.93,10218.12,10218.12,45260.02,10811.36,10218.12,10218.12,10218.12,2285.35
32776.86,41783.15,2067.82,4497.18,48785.07,19305.75,8351.11,41406.67,31449.03,26647.38
28616.32,25086.93,29067.51,18559.0,1112.39,42899.49,133.52,16473.81,741.77,8.93
33304.1,19157.6,18648.05,11049.23,2469.11,32184.09,21915.97,48712.31,47119.46,40425.03
33441.62,22592.16,2117.42,9531.41,26329.17,24570.62,39567.69,7059.67,45458.41,21503.79
31867.62,252.15,9574.85,41413.84,24955.17,27538.23,29441.98,21414.17,1973.69,7629.91
33057.28,38612.64,25886.6,21914.41,28667.42,17715.48,5590.09,18613.22,25695.88,15034.75
45512.86,42939.04,10218.12,10218.12,30711.76,29589.02,10218.12,10218.12,10218.12,43178.84
13730.27,14564.07,14564.07,24209.52,14564.07,20733.1,14564.07,14564.07,4451.69,17292.29
14680.94,24020.08,20876.61,4424.04,29990.77,11820.44,36607.41,9134.34,25235.34,15995.81
43533.73,39402.11,6034.21,12210.68,18787.71,19157.45,37565.13,6257.62,10117.89,7171.7
10892.35,9408.46,9408.46,16179.51,9408.46,23354.96,9408.46,9408.46,32177.36,2967.13
23319.65,19233.65,46087.67,36193.67,1157.45,9595.33,29759.12,44186.13,33294.47,31414.39
8874.76,1914.82,1914.82,44143.79,1914.82,35271.34,1914.82,1914.82,31747.65,32468.96
17969.75,236.28,180.17,30391.3,28925.33,13.09,4510.39,19741.11,64.75,40.83
11830.68,22633.12,22633.12,37659.17,40765.13,48335.79,22633.12,22633.12,15135.59,37444.96
